epoch,step,trainArgmaxJI_epoch,trainArgmaxJI_step,train_loss_epoch,train_loss_step,valArgmaxJI_epoch,valArgmaxJI_step,val_loss_epoch,val_loss_step
,0,,,,,,0.25483259558677673,,0.6229268312454224
,1,,,,,,0.26192983984947205,,0.5752613544464111
,2,,,,,,0.2534211575984955,,0.624976396560669
,3,,,,,,0.2595609128475189,,0.5907503366470337
,4,,,,,,0.2565622329711914,,0.6270349025726318
0,24,,,,,0.25726133584976196,,0.6081899404525757,
0,24,0.2596224546432495,,0.7564753890037537,,,,,
1,49,,0.2600116729736328,,0.5519561171531677,,,,
,5,,,,,,0.25483259558677673,,0.5628527402877808
,6,,,,,,0.26192983984947205,,0.5105019807815552
,7,,,,,,0.2534211575984955,,0.5599356889724731
,8,,,,,,0.2595609128475189,,0.5266906023025513
,9,,,,,,0.2565622329711914,,0.578528642654419
1,49,,,,,0.25726133584976196,,0.5477019548416138,
1,49,0.25960758328437805,,0.5713839530944824,,,,,
,10,,,,,,0.28080806136131287,,0.49912941455841064
,11,,,,,,0.2901908755302429,,0.45405420660972595
,12,,,,,,0.2781836688518524,,0.49726220965385437
,13,,,,,,0.2841860353946686,,0.46988117694854736
,14,,,,,,0.27855223417282104,,0.5238884687423706
2,74,,,,,0.2824188768863678,,0.4888431131839752,
2,74,0.2604581415653229,,0.5073147416114807,,,,,
3,99,,0.43570607900619507,,0.4248088002204895,,,,
,15,,,,,,0.4245845079421997,,0.45275962352752686
,16,,,,,,0.42826929688453674,,0.4062274098396301
,17,,,,,,0.42021530866622925,,0.4472334384918213
,18,,,,,,0.42245352268218994,,0.4228493571281433
,19,,,,,,0.405811071395874,,0.4946160316467285
3,99,,,,,0.420340359210968,,0.44473719596862793,
3,99,0.38260340690612793,,0.45201560854911804,,,,,
,20,,,,,,0.4333641529083252,,0.4418141841888428
,21,,,,,,0.43775904178619385,,0.3957996666431427
,22,,,,,,0.43046683073043823,,0.4374160170555115
,23,,,,,,0.43302983045578003,,0.4113239645957947
,24,,,,,,0.41416412591934204,,0.4847958981990814
4,124,,,,,0.42984539270401,,0.43422994017601013,
4,124,0.4273109436035156,,0.42845267057418823,,,,,
5,149,,0.4368358850479126,,0.40924182534217834,,,,
,25,,,,,,0.4407983422279358,,0.4263644814491272
,26,,,,,,0.4446170926094055,,0.3824020326137543
,27,,,,,,0.4373472332954407,,0.4234325885772705
,28,,,,,,0.4436909556388855,,0.39220619201660156
,29,,,,,,0.4209868907928467,,0.46823596954345703
5,149,,,,,0.4376096725463867,,0.4185282588005066,
5,149,0.435506671667099,,0.41642439365386963,,,,,
,30,,,,,,0.45533573627471924,,0.4039963483810425
,31,,,,,,0.4572487473487854,,0.3640637993812561
,32,,,,,,0.45156627893447876,,0.4059959948062897
,33,,,,,,0.4611188769340515,,0.3709750473499298
,34,,,,,,0.43446218967437744,,0.4479099214076996
6,174,,,,,0.4521080255508423,,0.39858824014663696,
6,174,0.4439522624015808,,0.4026578962802887,,,,,
7,199,,0.45115047693252563,,0.378344863653183,,,,
,35,,,,,,0.456621915102005,,0.3949289321899414
,36,,,,,,0.4587416648864746,,0.3590282201766968
,37,,,,,,0.45446449518203735,,0.3977128565311432
,38,,,,,,0.46614503860473633,,0.3615195155143738
,39,,,,,,0.43604159355163574,,0.4396434426307678
7,199,,,,,0.4546244144439697,,0.3905665874481201,
7,199,0.45301318168640137,,0.38761401176452637,,,,,
,40,,,,,,0.46952319145202637,,0.3905738890171051
,41,,,,,,0.46820467710494995,,0.35815882682800293
,42,,,,,,0.4636427164077759,,0.4012336730957031
,43,,,,,,0.4703539311885834,,0.3701937794685364
,44,,,,,,0.445966511964798,,0.4375991225242615
8,224,,,,,0.46379315853118896,,0.3915518820285797,
8,224,0.4565970301628113,,0.38063475489616394,,,,,
9,249,,0.4656427502632141,,0.40554213523864746,,,,
,45,,,,,,0.46428847312927246,,0.38970261812210083
,46,,,,,,0.46458786725997925,,0.35427385568618774
,47,,,,,,0.4633215069770813,,0.39281538128852844
,48,,,,,,0.4693775177001953,,0.3608381748199463
,49,,,,,,0.44315195083618164,,0.43890997767448425
9,249,,,,,0.46118074655532837,,0.3873080015182495,
9,249,0.4721575677394867,,0.3795807957649231,,,,,
,50,,,,,,0.47401976585388184,,0.3776252865791321
,51,,,,,,0.4717443287372589,,0.344811350107193
,52,,,,,,0.46990370750427246,,0.3851422965526581
,53,,,,,,0.4769473671913147,,0.3498497009277344
,54,,,,,,0.4498417377471924,,0.4261872470378876
10,274,,,,,0.46887174248695374,,0.37672320008277893,
10,274,0.46248745918273926,,0.3724079132080078,,,,,
11,299,,0.49565985798835754,,0.35820016264915466,,,,
,55,,,,,,0.5034278631210327,,0.3539116382598877
,56,,,,,,0.49516481161117554,,0.3360137343406677
,57,,,,,,0.5009827017784119,,0.36921942234039307
,58,,,,,,0.5035391449928284,,0.33945703506469727
,59,,,,,,0.47599688172340393,,0.40210679173469543
11,299,,,,,0.4963701367378235,,0.36014169454574585,
11,299,0.481387734413147,,0.3613508641719818,,,,,
,60,,,,,,0.4339904487133026,,0.4383215308189392
,61,,,,,,0.43019914627075195,,0.4243737459182739
,62,,,,,,0.42216765880584717,,0.44910919666290283
,63,,,,,,0.4323968291282654,,0.41711631417274475
,64,,,,,,0.4021680951118469,,0.48046571016311646
12,324,,,,,0.42446035146713257,,0.4418773055076599,
12,324,0.5053741335868835,,0.3602984547615051,,,,,
13,349,,0.4784635305404663,,0.36309897899627686,,,,
,65,,,,,,0.48643121123313904,,0.37218496203422546
,66,,,,,,0.486867219209671,,0.3434431552886963
,67,,,,,,0.4786440134048462,,0.3826729357242584
,68,,,,,,0.4884759187698364,,0.3481369614601135
,69,,,,,,0.4590284824371338,,0.4218684136867523
13,349,,,,,0.48000839352607727,,0.3736613094806671,
13,349,0.46193310618400574,,0.38269293308258057,,,,,
,70,,,,,,0.5017403364181519,,0.3603363037109375
,71,,,,,,0.4897621273994446,,0.34583625197410583
,72,,,,,,0.5028635859489441,,0.3750593066215515
,73,,,,,,0.5128382444381714,,0.3368009328842163
,74,,,,,,0.4713728427886963,,0.41437670588493347
14,374,,,,,0.4962365925312042,,0.3664819002151489,
14,374,0.4912632703781128,,0.355895459651947,,,,,
15,399,,0.5467299222946167,,0.35605311393737793,,,,
,75,,,,,,0.5974090099334717,,0.31910452246665955
,76,,,,,,0.5690813064575195,,0.30987611413002014
,77,,,,,,0.5858336687088013,,0.34093183279037476
,78,,,,,,0.5808534026145935,,0.3146907091140747
,79,,,,,,0.5442827939987183,,0.3651365339756012
15,399,,,,,0.576216459274292,,0.32994791865348816,
15,399,0.5316551327705383,,0.3423515260219574,,,,,
,80,,,,,,0.5554690361022949,,0.32875365018844604
,81,,,,,,0.544120192527771,,0.31767117977142334
,82,,,,,,0.5522830486297607,,0.34711503982543945
,83,,,,,,0.565643310546875,,0.3175773322582245
,84,,,,,,0.5063485503196716,,0.378572553396225
16,424,,,,,0.5440571308135986,,0.33793795108795166,
16,424,0.5392894744873047,,0.34377533197402954,,,,,
17,449,,0.58978271484375,,0.31472060084342957,,,,
,85,,,,,,0.609497606754303,,0.3270452618598938
,86,,,,,,0.5668367147445679,,0.3333830237388611
,87,,,,,,0.5901299715042114,,0.3417452871799469
,88,,,,,,0.5979757308959961,,0.32191821932792664
,89,,,,,,0.5525673627853394,,0.37683558464050293
17,449,,,,,0.5845069289207458,,0.3401854634284973,
17,449,0.5787888765335083,,0.32794857025146484,,,,,
,90,,,,,,0.6533596515655518,,0.2892579436302185
,91,,,,,,0.6150544285774231,,0.28746920824050903
,92,,,,,,0.6352724432945251,,0.30597466230392456
,93,,,,,,0.6430014371871948,,0.2835620641708374
,94,,,,,,0.5871177911758423,,0.3381234407424927
18,474,,,,,0.6267373561859131,,0.3008774518966675,
18,474,0.6133625507354736,,0.30562323331832886,,,,,
19,499,,0.6304316520690918,,0.27627915143966675,,,,
,95,,,,,,0.71247398853302,,0.2552250623703003
,96,,,,,,0.653580904006958,,0.2658918499946594
,97,,,,,,0.6575537919998169,,0.2970484495162964
,98,,,,,,0.664084792137146,,0.2687431871891022
,99,,,,,,0.6363672614097595,,0.3089604675769806
19,499,,,,,0.6659426689147949,,0.2791737914085388,
19,499,0.6396750211715698,,0.28912895917892456,,,,,
,100,,,,,,0.5453492403030396,,0.3111408054828644
,101,,,,,,0.5415171384811401,,0.2882566452026367
,102,,,,,,0.5680419206619263,,0.31953203678131104
,103,,,,,,0.571182131767273,,0.2851080298423767
,104,,,,,,0.4968324303627014,,0.36068984866142273
20,524,,,,,0.5429850220680237,,0.3129454553127289,
20,524,0.6491059064865112,,0.27923718094825745,,,,,
21,549,,0.6546566486358643,,0.26763907074928284,,,,
,105,,,,,,0.7254069447517395,,0.24086454510688782
,106,,,,,,0.6780720949172974,,0.2504045367240906
,107,,,,,,0.6786767244338989,,0.2791743278503418
,108,,,,,,0.6859087347984314,,0.252115398645401
,109,,,,,,0.647040605545044,,0.2880389094352722
21,549,,,,,0.6834543943405151,,0.2621195316314697,
21,549,0.6562361121177673,,0.2779410481452942,,,,,
,110,,,,,,0.7245135307312012,,0.23709724843502045
,111,,,,,,0.6788378953933716,,0.24581924080848694
,112,,,,,,0.6883361339569092,,0.26681041717529297
,113,,,,,,0.7000938057899475,,0.24195680022239685
,114,,,,,,0.6671251058578491,,0.2756465673446655
22,574,,,,,0.6927194595336914,,0.25346606969833374,
22,574,0.6738591194152832,,0.2630494236946106,,,,,
23,599,,0.6959565877914429,,0.24192729592323303,,,,
,115,,,,,,0.7239691019058228,,0.23838822543621063
,116,,,,,,0.6779956817626953,,0.24519123136997223
,117,,,,,,0.7018371820449829,,0.25789928436279297
,118,,,,,,0.7116652727127075,,0.23747290670871735
,119,,,,,,0.6873000264167786,,0.26361387968063354
23,599,,,,,0.7020860910415649,,0.2485131025314331,
23,599,0.6673259735107422,,0.2648838460445404,,,,,
,120,,,,,,0.7587977647781372,,0.21374785900115967
,121,,,,,,0.7087485790252686,,0.22446346282958984
,122,,,,,,0.7204047441482544,,0.24543271958827972
,123,,,,,,0.7286262512207031,,0.22053714096546173
,124,,,,,,0.6998621225357056,,0.2490563690662384
24,624,,,,,0.7244355082511902,,0.2306475192308426,
24,624,0.7029649019241333,,0.24086545407772064,,,,,
25,649,,0.6361569166183472,,0.2260870635509491,,,,
,125,,,,,,0.6932581663131714,,0.23894017934799194
,126,,,,,,0.6843357086181641,,0.23887281119823456
,127,,,,,,0.7045823335647583,,0.25116145610809326
,128,,,,,,0.7125187516212463,,0.23088088631629944
,129,,,,,,0.65880286693573,,0.26833054423332214
25,649,,,,,0.6897281408309937,,0.2456371784210205,
25,649,0.704809308052063,,0.2337518185377121,,,,,
,130,,,,,,0.7652519941329956,,0.21546649932861328
,131,,,,,,0.721447229385376,,0.2183467447757721
,132,,,,,,0.7350330352783203,,0.2416200190782547
,133,,,,,,0.7309585809707642,,0.22648662328720093
,134,,,,,,0.6958463191986084,,0.25819358229637146
26,674,,,,,0.7297742366790771,,0.23202268779277802,
26,674,0.7230969667434692,,0.22484730184078217,,,,,
27,699,,0.7523016929626465,,0.1806992143392563,,,,
,135,,,,,,0.7862321138381958,,0.18668152391910553
,136,,,,,,0.736833393573761,,0.19524243474006653
,137,,,,,,0.7513362765312195,,0.21594718098640442
,138,,,,,,0.7483121156692505,,0.19614145159721375
,139,,,,,,0.7220101356506348,,0.2257075309753418
27,699,,,,,0.7498645186424255,,0.20394404232501984,
27,699,0.7334632873535156,,0.2165139764547348,,,,,
,140,,,,,,0.7904422283172607,,0.1794285923242569
,141,,,,,,0.7549668550491333,,0.18299581110477448
,142,,,,,,0.759717583656311,,0.20595073699951172
,143,,,,,,0.7642430067062378,,0.1852841079235077
,144,,,,,,0.7144947052001953,,0.22921359539031982
28,724,,,,,0.7561103105545044,,0.19657456874847412,
28,724,0.7607061862945557,,0.19433149695396423,,,,,
29,749,,0.7789748907089233,,0.19050760567188263,,,,
,145,,,,,,0.7925707101821899,,0.17783811688423157
,146,,,,,,0.7582448124885559,,0.18529760837554932
,147,,,,,,0.7754638195037842,,0.19712631404399872
,148,,,,,,0.7610626220703125,,0.1880764663219452
,149,,,,,,0.757807731628418,,0.2048645317554474
29,749,,,,,0.7703672647476196,,0.19064059853553772,
29,749,0.745313286781311,,0.20094993710517883,,,,,
,150,,,,,,0.7753015756607056,,0.18317002058029175
,151,,,,,,0.766802191734314,,0.18121233582496643
,152,,,,,,0.7603977918624878,,0.20543746650218964
,153,,,,,,0.7707678079605103,,0.1787395477294922
,154,,,,,,0.7113720178604126,,0.226762592792511
30,774,,,,,0.7549760341644287,,0.19506439566612244,
30,774,0.7677178382873535,,0.18715320527553558,,,,,
31,799,,0.765545129776001,,0.1853269636631012,,,,
,155,,,,,,0.7957934737205505,,0.18543460965156555
,156,,,,,,0.7672150135040283,,0.18553823232650757
,157,,,,,,0.7745503187179565,,0.20801161229610443
,158,,,,,,0.7705726623535156,,0.19434259831905365
,159,,,,,,0.7724288702011108,,0.20267796516418457
31,799,,,,,0.777559757232666,,0.19520100951194763,
31,799,0.7487486600875854,,0.2018515169620514,,,,,
,160,,,,,,0.8250807523727417,,0.1545310765504837
,161,,,,,,0.7921900749206543,,0.16401886940002441
,162,,,,,,0.804500937461853,,0.1750270128250122
,163,,,,,,0.7967007756233215,,0.16256146132946014
,164,,,,,,0.7807927131652832,,0.18698357045650482
32,824,,,,,0.8005726337432861,,0.1686244010925293,
32,824,0.7707781791687012,,0.18616831302642822,,,,,
33,849,,0.762764573097229,,0.18247026205062866,,,,
,165,,,,,,0.8233410120010376,,0.1518971025943756
,166,,,,,,0.7743915319442749,,0.1693306565284729
,167,,,,,,0.7808444499969482,,0.18501737713813782
,168,,,,,,0.7884547710418701,,0.16404467821121216
,169,,,,,,0.7627707719802856,,0.1915888637304306
33,849,,,,,0.787007212638855,,0.17237573862075806,
33,849,0.7854187488555908,,0.17324677109718323,,,,,
,170,,,,,,0.8294223546981812,,0.14803063869476318
,171,,,,,,0.8012902736663818,,0.15362966060638428
,172,,,,,,0.8099493980407715,,0.1675715297460556
,173,,,,,,0.8052340149879456,,0.15620572865009308
,174,,,,,,0.7762622833251953,,0.18862128257751465
34,874,,,,,0.8042879104614258,,0.1628117710351944,
34,874,0.7984416484832764,,0.16425514221191406,,,,,
35,899,,0.775492787361145,,0.1739373505115509,,,,
,175,,,,,,0.8188228607177734,,0.1555105447769165
,176,,,,,,0.7652238607406616,,0.172310009598732
,177,,,,,,0.784306526184082,,0.18034425377845764
,178,,,,,,0.7720456123352051,,0.17181748151779175
,179,,,,,,0.7620633840560913,,0.19467377662658691
35,899,,,,,0.7816071510314941,,0.17493119835853577,
35,899,0.8023014068603516,,0.15873125195503235,,,,,
,180,,,,,,0.8379718065261841,,0.14209192991256714
,181,,,,,,0.8092824220657349,,0.14489516615867615
,182,,,,,,0.8232372403144836,,0.15633687376976013
,183,,,,,,0.8199529647827148,,0.14787892997264862
,184,,,,,,0.8114677667617798,,0.16182711720466614
36,924,,,,,0.8212143182754517,,0.15060600638389587,
36,924,0.8083275556564331,,0.15612950921058655,,,,,
37,949,,0.8097838759422302,,0.15667982399463654,,,,
,185,,,,,,0.8477881550788879,,0.13493835926055908
,186,,,,,,0.8241854906082153,,0.13989372551441193
,187,,,,,,0.8412646055221558,,0.14637215435504913
,188,,,,,,0.8251034021377563,,0.14265219867229462
,189,,,,,,0.8178608417510986,,0.15722882747650146
37,949,,,,,0.8318407535552979,,0.14421704411506653,
37,949,0.8255383968353271,,0.1456470787525177,,,,,
,190,,,,,,0.8296831846237183,,0.13959437608718872
,191,,,,,,0.8090390563011169,,0.13965608179569244
,192,,,,,,0.8088009357452393,,0.15668785572052002
,193,,,,,,0.8219561576843262,,0.1387750655412674
,194,,,,,,0.7793447971343994,,0.189608633518219
38,974,,,,,0.8089250326156616,,0.15286439657211304,
38,974,0.8288005590438843,,0.14099851250648499,,,,,
39,999,,0.7893617153167725,,0.15069198608398438,,,,
,195,,,,,,0.8549627065658569,,0.1306164413690567
,196,,,,,,0.8214857578277588,,0.1394970417022705
,197,,,,,,0.8327122330665588,,0.15076972544193268
,198,,,,,,0.8286666870117188,,0.14048177003860474
,199,,,,,,0.8165407776832581,,0.15227273106575012
39,999,,,,,0.8315779566764832,,0.1427275389432907,
39,999,0.8231272101402283,,0.1436869204044342,,,,,
,200,,,,,,0.8561465740203857,,0.12810426950454712
,201,,,,,,0.8331223726272583,,0.13198649883270264
,202,,,,,,0.8395735025405884,,0.14370831847190857
,203,,,,,,0.8366590738296509,,0.13382560014724731
,204,,,,,,0.8298539519309998,,0.1477471888065338
40,1024,,,,,0.839721143245697,,0.13707438111305237,
40,1024,0.8328439593315125,,0.13722096383571625,,,,,
41,1049,,0.8267271518707275,,0.1419699639081955,,,,
,205,,,,,,0.8340874910354614,,0.13858562707901
,206,,,,,,0.835371732711792,,0.13198962807655334
,207,,,,,,0.8219889402389526,,0.15398000180721283
,208,,,,,,0.8366247415542603,,0.134343221783638
,209,,,,,,0.8050247430801392,,0.1623724400997162
41,1049,,,,,0.8255586624145508,,0.1442541778087616,
41,1049,0.8392244577407837,,0.13201524317264557,,,,,
,210,,,,,,0.8629151582717896,,0.12481161206960678
,211,,,,,,0.8402656316757202,,0.12789390981197357
,212,,,,,,0.8532304763793945,,0.1360795497894287
,213,,,,,,0.8417725563049316,,0.1313704252243042
,214,,,,,,0.8341728448867798,,0.14418596029281616
42,1074,,,,,0.8470048904418945,,0.13286828994750977,
42,1074,0.8350508213043213,,0.13521678745746613,,,,,
43,1099,,0.8375660181045532,,0.14020270109176636,,,,
,215,,,,,,0.840417742729187,,0.13427351415157318
,216,,,,,,0.8245849609375,,0.1362021416425705
,217,,,,,,0.8495937585830688,,0.13668973743915558
,218,,,,,,0.8192625641822815,,0.14054124057292938
,219,,,,,,0.8233040571212769,,0.14726102352142334
43,1099,,,,,0.8320906162261963,,0.1389935314655304,
43,1099,0.8467159271240234,,0.12814578413963318,,,,,
,220,,,,,,0.8645745515823364,,0.12148469686508179
,221,,,,,,0.8489854335784912,,0.12168318033218384
,222,,,,,,0.8442364931106567,,0.13690078258514404
,223,,,,,,0.846916675567627,,0.12706248462200165
,224,,,,,,0.8429343700408936,,0.1387099027633667
44,1124,,,,,0.8500083684921265,,0.12916821241378784,
44,1124,0.8444135785102844,,0.128323495388031,,,,,
45,1149,,0.8546515703201294,,0.11273718625307083,,,,
,225,,,,,,0.8564212322235107,,0.12275195121765137
,226,,,,,,0.8410683870315552,,0.12097033858299255
,227,,,,,,0.8387552499771118,,0.1359446942806244
,228,,,,,,0.8492317199707031,,0.12250256538391113
,229,,,,,,0.8472422361373901,,0.13164487481117249
45,1149,,,,,0.8472294807434082,,0.12676289677619934,
45,1149,0.8539924621582031,,0.1219477728009224,,,,,
,230,,,,,,0.8633469343185425,,0.12094671279191971
,231,,,,,,0.8424782752990723,,0.12466857582330704
,232,,,,,,0.840789794921875,,0.13812708854675293
,233,,,,,,0.8406935930252075,,0.12877768278121948
,234,,,,,,0.8377403020858765,,0.14169874787330627
46,1174,,,,,0.8456635475158691,,0.13084375858306885,
46,1174,0.8325811624526978,,0.13513675332069397,,,,,
47,1199,,0.8257485628128052,,0.1328928917646408,,,,
,235,,,,,,0.873668372631073,,0.11263911426067352
,236,,,,,,0.8499456644058228,,0.11811517179012299
,237,,,,,,0.863737940788269,,0.12535399198532104
,238,,,,,,0.8575483560562134,,0.11889119446277618
,239,,,,,,0.8449202179908752,,0.13294737040996552
47,1199,,,,,0.8584794998168945,,0.12158937752246857,
47,1199,0.8515809774398804,,0.12520061433315277,,,,,
,240,,,,,,0.8770140409469604,,0.11038653552532196
,241,,,,,,0.8517371416091919,,0.11658534407615662
,242,,,,,,0.8552092909812927,,0.12797823548316956
,243,,,,,,0.8541768789291382,,0.1200360655784607
,244,,,,,,0.8515791893005371,,0.12999211251735687
48,1224,,,,,0.8588449954986572,,0.1209956631064415,
48,1224,0.8576749563217163,,0.11852636188268661,,,,,
49,1249,,0.8795437812805176,,0.1073954850435257,,,,
,245,,,,,,0.878682017326355,,0.10958117991685867
,246,,,,,,0.8572128415107727,,0.11418580263853073
,247,,,,,,0.8596477508544922,,0.1232767254114151
,248,,,,,,0.8592472076416016,,0.11524225771427155
,249,,,,,,0.8547161817550659,,0.126578688621521
49,1249,,,,,0.8625913858413696,,0.11777292191982269,
49,1249,0.8616601228713989,,0.11649379879236221,,,,,
,250,,,,,,0.8760465383529663,,0.11330932378768921
,251,,,,,,0.8557615280151367,,0.1168065071105957
,252,,,,,,0.8536970019340515,,0.13071216642856598
,253,,,,,,0.8619321584701538,,0.11952971667051315
,254,,,,,,0.8531842231750488,,0.1268351823091507
50,1274,,,,,0.8607469797134399,,0.12143857777118683,
50,1274,0.856437087059021,,0.11888802796602249,,,,,
51,1299,,0.882831335067749,,0.10070332884788513,,,,
,255,,,,,,0.8794033527374268,,0.10815148055553436
,256,,,,,,0.8583464622497559,,0.11396903544664383
,257,,,,,,0.8620923757553101,,0.12188920378684998
,258,,,,,,0.8540607690811157,,0.11644920706748962
,259,,,,,,0.8579082489013672,,0.12297637015581131
51,1299,,,,,0.8632047772407532,,0.11668705940246582,
51,1299,0.8626905679702759,,0.1160796731710434,,,,,
,260,,,,,,0.8823525905609131,,0.10811102390289307
,261,,,,,,0.8643559813499451,,0.1111130565404892
,262,,,,,,0.8664253950119019,,0.12190056592226028
,263,,,,,,0.8610297441482544,,0.11530940234661102
,264,,,,,,0.853352427482605,,0.12586545944213867
52,1324,,,,,0.8658314347267151,,0.1164599061012268,
52,1324,0.8651179075241089,,0.11287190765142441,,,,,
53,1349,,0.9001691341400146,,0.09330108761787415,,,,
,265,,,,,,0.884239912033081,,0.10558361560106277
,266,,,,,,0.8669499158859253,,0.1084333062171936
,267,,,,,,0.8649156093597412,,0.11893587559461594
,268,,,,,,0.8617093563079834,,0.11252866685390472
,269,,,,,,0.85484778881073,,0.1253531277179718
53,1349,,,,,0.8667430877685547,,0.11416693031787872,
53,1349,0.8694541454315186,,0.11053798347711563,,,,,
,270,,,,,,0.8825445175170898,,0.10650180280208588
,271,,,,,,0.8700841665267944,,0.1076568216085434
,272,,,,,,0.8627560138702393,,0.1232038363814354
,273,,,,,,0.8625657558441162,,0.11493135988712311
,274,,,,,,0.8573166728019714,,0.12363839149475098
54,1374,,,,,0.8673739433288574,,0.11518643796443939,
54,1374,0.8716740608215332,,0.10834698379039764,,,,,
55,1399,,0.8700809478759766,,0.10672038793563843,,,,
,275,,,,,,0.8802299499511719,,0.10363779962062836
,276,,,,,,0.8659071326255798,,0.10857149958610535
,277,,,,,,0.8662804365158081,,0.11685444414615631
,278,,,,,,0.8685085773468018,,0.1097363755106926
,279,,,,,,0.8608165979385376,,0.11723143607378006
55,1399,,,,,0.8686084747314453,,0.11120631545782089,
55,1399,0.8743621110916138,,0.1065221056342125,,,,,
,280,,,,,,0.883133053779602,,0.10510019958019257
,281,,,,,,0.8704093098640442,,0.10534802079200745
,282,,,,,,0.8759428262710571,,0.11371735483407974
,283,,,,,,0.8709255456924438,,0.10884512960910797
,284,,,,,,0.8627954721450806,,0.11487847566604614
56,1424,,,,,0.8729431629180908,,0.10957783460617065,
56,1424,0.8732514381408691,,0.10597274452447891,,,,,
57,1449,,0.8827207088470459,,0.10116732865571976,,,,
,285,,,,,,0.881199836730957,,0.10699725896120071
,286,,,,,,0.8781843185424805,,0.10283961147069931
,287,,,,,,0.8653357028961182,,0.12061677873134613
,288,,,,,,0.8728270530700684,,0.11000649631023407
,289,,,,,,0.8666751384735107,,0.11658494919538498
57,1449,,,,,0.8729517459869385,,0.1114090234041214,
57,1449,0.8768558502197266,,0.10423608124256134,,,,,
,290,,,,,,0.8394367694854736,,0.1395178735256195
,291,,,,,,0.8673869371414185,,0.10781027376651764
,292,,,,,,0.8508793115615845,,0.1247842088341713
,293,,,,,,0.8563876152038574,,0.11201733350753784
,294,,,,,,0.843889057636261,,0.13269449770450592
58,1474,,,,,0.8502483367919922,,0.12336484342813492,
58,1474,0.8764454126358032,,0.1046614721417427,,,,,
59,1499,,0.8728460073471069,,0.10370410233736038,,,,
,295,,,,,,0.8874562978744507,,0.10127127170562744
,296,,,,,,0.8718438148498535,,0.10484620183706284
,297,,,,,,0.8741974830627441,,0.11311087012290955
,298,,,,,,0.8716045618057251,,0.10859347134828568
,299,,,,,,0.8650389313697815,,0.11426031589508057
59,1499,,,,,0.8744336366653442,,0.10841642320156097,
59,1499,0.8672161102294922,,0.11041443794965744,,,,,
,300,,,,,,0.8832368850708008,,0.10386553406715393
,301,,,,,,0.8639649152755737,,0.1086151972413063
,302,,,,,,0.872510552406311,,0.11386153101921082
,303,,,,,,0.8583770990371704,,0.11355368793010712
,304,,,,,,0.8449827432632446,,0.12806178629398346
60,1524,,,,,0.8645017147064209,,0.11359153687953949,
60,1524,0.8790252804756165,,0.10237196087837219,,,,,
61,1549,,0.8703033924102783,,0.108082115650177,,,,
,305,,,,,,0.8846999406814575,,0.09960749745368958
,306,,,,,,0.874213695526123,,0.1039886325597763
,307,,,,,,0.8752386569976807,,0.11135119199752808
,308,,,,,,0.8751317262649536,,0.10461588948965073
,309,,,,,,0.8639534711837769,,0.11414141207933426
61,1549,,,,,0.8747390508651733,,0.10674092918634415,
61,1549,0.8745940923690796,,0.10563977062702179,,,,,
,310,,,,,,0.8883004188537598,,0.09841450303792953
,311,,,,,,0.8782068490982056,,0.10212334990501404
,312,,,,,,0.8791017532348633,,0.10817767679691315
,313,,,,,,0.8755477666854858,,0.10436582565307617
,314,,,,,,0.8746203184127808,,0.10535581409931183
62,1574,,,,,0.8795942068099976,,0.10368742793798447,
62,1574,0.8808095455169678,,0.10084221512079239,,,,,
63,1599,,0.8873395919799805,,0.09845815598964691,,,,
,315,,,,,,0.8904366493225098,,0.09929819405078888
,316,,,,,,0.8797200918197632,,0.101031094789505
,317,,,,,,0.8786286115646362,,0.10889642685651779
,318,,,,,,0.8759662508964539,,0.10377004742622375
,319,,,,,,0.8743817806243896,,0.1080269068479538
63,1599,,,,,0.8803539276123047,,0.10420453548431396,
63,1599,0.8826484680175781,,0.09904316812753677,,,,,
,320,,,,,,0.8926770687103271,,0.09804686903953552
,321,,,,,,0.8827624917030334,,0.09860019385814667
,322,,,,,,0.880151629447937,,0.10865988582372665
,323,,,,,,0.8791191577911377,,0.10176071524620056
,324,,,,,,0.8740026950836182,,0.10936087369918823
64,1624,,,,,0.8820842504501343,,0.10328570753335953,
64,1624,0.8848090767860413,,0.09822383522987366,,,,,
65,1649,,0.883973240852356,,0.09238335490226746,,,,
,325,,,,,,0.8901382684707642,,0.09635285288095474
,326,,,,,,0.8810502290725708,,0.09854478389024734
,327,,,,,,0.8804135918617249,,0.10579559952020645
,328,,,,,,0.8682235479354858,,0.10571131110191345
,329,,,,,,0.8711707592010498,,0.1102447509765625
65,1649,,,,,0.8785791397094727,,0.1033298596739769,
65,1649,0.8868433237075806,,0.09610176831483841,,,,,
,330,,,,,,0.8908648490905762,,0.09622017294168472
,331,,,,,,0.8762457370758057,,0.10032163560390472
,332,,,,,,0.8848192691802979,,0.10520157217979431
,333,,,,,,0.877286434173584,,0.10142284631729126
,334,,,,,,0.8766714334487915,,0.1045372486114502
66,1674,,,,,0.8818948268890381,,0.1015406996011734,
66,1674,0.8860558271408081,,0.09659484773874283,,,,,
67,1699,,0.8600975275039673,,0.10731521248817444,,,,
,335,,,,,,0.8832478523254395,,0.1046907976269722
,336,,,,,,0.8716362714767456,,0.10468517243862152
,337,,,,,,0.862548828125,,0.12124870717525482
,338,,,,,,0.8758294582366943,,0.10785840451717377
,339,,,,,,0.8464447855949402,,0.12705492973327637
67,1699,,,,,0.8673630356788635,,0.1131076067686081,
67,1699,0.8824580907821655,,0.09854636341333389,,,,,
,340,,,,,,0.8947046995162964,,0.09493673592805862
,341,,,,,,0.8746330738067627,,0.10059092938899994
,342,,,,,,0.8781782984733582,,0.11001579463481903
,343,,,,,,0.8783180117607117,,0.10070717334747314
,344,,,,,,0.8754380345344543,,0.10701385140419006
68,1724,,,,,0.881036639213562,,0.102652907371521,
68,1724,0.8810021281242371,,0.1000351831316948,,,,,
69,1749,,0.8821747303009033,,0.10090941935777664,,,,
,345,,,,,,0.8940504789352417,,0.09440785646438599
,346,,,,,,0.8789727687835693,,0.09838558733463287
,347,,,,,,0.8804498910903931,,0.10633707046508789
,348,,,,,,0.8790637254714966,,0.09877561032772064
,349,,,,,,0.8801590204238892,,0.10352445393800735
69,1749,,,,,0.8833043575286865,,0.10028611123561859,
69,1749,0.8889920711517334,,0.09437823295593262,,,,,
,350,,,,,,0.8954786062240601,,0.09274883568286896
,351,,,,,,0.8870790004730225,,0.09594327956438065
,352,,,,,,0.884213924407959,,0.10408741235733032
,353,,,,,,0.8850345611572266,,0.09920573979616165
,354,,,,,,0.8798419833183289,,0.1025892049074173
70,1774,,,,,0.8866163492202759,,0.09891489893198013,
70,1774,0.8899778127670288,,0.09361642599105835,,,,,
71,1799,,0.8851442337036133,,0.09875968098640442,,,,
,355,,,,,,0.8975285291671753,,0.09324660152196884
,356,,,,,,0.8859672546386719,,0.0953654870390892
,357,,,,,,0.8808666467666626,,0.10652978718280792
,358,,,,,,0.8841184377670288,,0.09902264177799225
,359,,,,,,0.8822510242462158,,0.10313648730516434
71,1799,,,,,0.8866490125656128,,0.09946019947528839,
71,1799,0.8907077312469482,,0.09286704659461975,,,,,
,360,,,,,,0.8938978314399719,,0.09368780255317688
,361,,,,,,0.8848273754119873,,0.09538145363330841
,362,,,,,,0.8858603239059448,,0.10217444598674774
,363,,,,,,0.8809534311294556,,0.09815922379493713
,364,,,,,,0.881941556930542,,0.10088177025318146
72,1824,,,,,0.8860243558883667,,0.09805693477392197,
72,1824,0.8913804292678833,,0.09299934655427933,,,,,
73,1849,,0.8932805061340332,,0.08954490721225739,,,,
,365,,,,,,0.8921195268630981,,0.09377383440732956
,366,,,,,,0.8811116218566895,,0.09793677926063538
,367,,,,,,0.8860763311386108,,0.10371904820203781
,368,,,,,,0.8773505687713623,,0.09988286346197128
,369,,,,,,0.8776881694793701,,0.1039343997836113
73,1849,,,,,0.8833564519882202,,0.0998493880033493,
73,1849,0.8921722173690796,,0.09159810096025467,,,,,
,370,,,,,,0.8890126347541809,,0.09748630225658417
,371,,,,,,0.8828277587890625,,0.09504738450050354
,372,,,,,,0.8836078643798828,,0.10309740900993347
,373,,,,,,0.8853031396865845,,0.0959029346704483
,374,,,,,,0.8719210624694824,,0.1105557233095169
74,1874,,,,,0.8824080228805542,,0.10041794925928116,
74,1874,0.8926188945770264,,0.09125509113073349,,,,,
75,1899,,0.8740726709365845,,0.10561449080705643,,,,
,375,,,,,,0.8790569305419922,,0.11044362932443619
,376,,,,,,0.8701134920120239,,0.10629570484161377
,377,,,,,,0.8659359216690063,,0.12529653310775757
,378,,,,,,0.8654245138168335,,0.11795444041490555
,379,,,,,,0.8585343360900879,,0.1308625042438507
75,1899,,,,,0.867843508720398,,0.11817055940628052,
75,1899,0.8840782642364502,,0.09605947136878967,,,,,
,380,,,,,,0.8901225328445435,,0.09510622918605804
,381,,,,,,0.8720167875289917,,0.1016426682472229
,382,,,,,,0.8871701955795288,,0.10219302773475647
,383,,,,,,0.8805402517318726,,0.0999685525894165
,384,,,,,,0.8737180829048157,,0.10820616036653519
76,1924,,,,,0.8814635276794434,,0.10142332315444946,
76,1924,0.882597804069519,,0.09866274148225784,,,,,
77,1949,,0.9014043807983398,,0.08615877479314804,,,,
,385,,,,,,0.8959391117095947,,0.09191326797008514
,386,,,,,,0.8825242519378662,,0.09491856396198273
,387,,,,,,0.8871288299560547,,0.10058175772428513
,388,,,,,,0.8885154724121094,,0.09412530064582825
,389,,,,,,0.8736611604690552,,0.10712671279907227
77,1949,,,,,0.8856642246246338,,0.09773312509059906,
77,1949,0.8926869630813599,,0.09122885763645172,,,,,
,390,,,,,,0.8921315670013428,,0.09349025785923004
,391,,,,,,0.8800787925720215,,0.09733706712722778
,392,,,,,,0.8834987878799438,,0.10307572782039642
,393,,,,,,0.8868043422698975,,0.09469514340162277
,394,,,,,,0.8758928775787354,,0.10374182462692261
78,1974,,,,,0.883960485458374,,0.09846800565719604,
78,1974,0.8959347009658813,,0.08859400451183319,,,,,
79,1999,,0.8903950452804565,,0.0886593610048294,,,,
,395,,,,,,0.8960636854171753,,0.09129171073436737
,396,,,,,,0.8883428573608398,,0.09203021973371506
,397,,,,,,0.8901078701019287,,0.09900729358196259
,398,,,,,,0.8860395550727844,,0.09527246654033661
,399,,,,,,0.8842558860778809,,0.10012254118919373
79,1999,,,,,0.8894016742706299,,0.09554484486579895,
79,1999,0.8973032236099243,,0.08848042786121368,,,,,
,400,,,,,,0.899003267288208,,0.09159232676029205
,401,,,,,,0.8859294652938843,,0.09354836493730545
,402,,,,,,0.8862041234970093,,0.10162115842103958
,403,,,,,,0.8881100416183472,,0.09619922935962677
,404,,,,,,0.8836510181427002,,0.10225727409124374
80,2024,,,,,0.8890765905380249,,0.09704367816448212,
80,2024,0.897854208946228,,0.08775871247053146,,,,,
81,2049,,0.8839735984802246,,0.09549970924854279,,,,
,405,,,,,,0.8932350873947144,,0.0918959528207779
,406,,,,,,0.8888078331947327,,0.09150740504264832
,407,,,,,,0.8865022659301758,,0.10085463523864746
,408,,,,,,0.8897825479507446,,0.09320496767759323
,409,,,,,,0.8806511163711548,,0.10243099927902222
81,2049,,,,,0.8878206014633179,,0.09597879648208618,
81,2049,0.8968243598937988,,0.08804678171873093,,,,,
,410,,,,,,0.8979756832122803,,0.09270784258842468
,411,,,,,,0.8890962600708008,,0.09121865779161453
,412,,,,,,0.888041079044342,,0.10235626995563507
,413,,,,,,0.8908756375312805,,0.09354464709758759
,414,,,,,,0.8721508383750916,,0.1125032901763916
82,2074,,,,,0.8873555660247803,,0.09846614301204681,
82,2074,0.8975632190704346,,0.08758016675710678,,,,,
83,2099,,0.8909077644348145,,0.08725425601005554,,,,
,415,,,,,,0.8978604078292847,,0.08886143565177917
,416,,,,,,0.8856971263885498,,0.0927310585975647
,417,,,,,,0.8900526762008667,,0.09864921122789383
,418,,,,,,0.8808937072753906,,0.09730885922908783
,419,,,,,,0.877245306968689,,0.10546073317527771
83,2099,,,,,0.8867484331130981,,0.09660225361585617,
83,2099,0.8969721794128418,,0.08839156478643417,,,,,
,420,,,,,,0.899917721748352,,0.09024728834629059
,421,,,,,,0.8878417015075684,,0.09101592749357224
,422,,,,,,0.8872028589248657,,0.10047975182533264
,423,,,,,,0.8910447359085083,,0.09262074530124664
,424,,,,,,0.8870339393615723,,0.09879975765943527
84,2124,,,,,0.8910276889801025,,0.09463270008563995,
84,2124,0.8997384309768677,,0.08592651039361954,,,,,
85,2149,,0.8916901350021362,,0.08999003469944,,,,
,425,,,,,,0.9004300832748413,,0.09023621678352356
,426,,,,,,0.8901381492614746,,0.09008520096540451
,427,,,,,,0.892188310623169,,0.09813416004180908
,428,,,,,,0.8920304775238037,,0.09146815538406372
,429,,,,,,0.8882153034210205,,0.0982905924320221
85,2149,,,,,0.8930602073669434,,0.09364286810159683,
85,2149,0.9004184007644653,,0.08555827289819717,,,,,
,430,,,,,,0.9046420454978943,,0.08688261359930038
,431,,,,,,0.8872355222702026,,0.09044152498245239
,432,,,,,,0.892682671546936,,0.09754838049411774
,433,,,,,,0.892970085144043,,0.09052787721157074
,434,,,,,,0.8900598287582397,,0.09675221145153046
86,2174,,,,,0.8942677974700928,,0.09243053197860718,
86,2174,0.9015903472900391,,0.08469080179929733,,,,,
87,2199,,0.8919280171394348,,0.08806422352790833,,,,
,435,,,,,,0.9010978937149048,,0.08950003981590271
,436,,,,,,0.8915175199508667,,0.08959518373012543
,437,,,,,,0.8919082880020142,,0.09697195142507553
,438,,,,,,0.8912012577056885,,0.09159819781780243
,439,,,,,,0.8886340856552124,,0.09760886430740356
87,2199,,,,,0.893321692943573,,0.09305484592914581,
87,2199,0.9005480408668518,,0.08488812297582626,,,,,
,440,,,,,,0.8976517915725708,,0.09160035848617554
,441,,,,,,0.8896033763885498,,0.09070812165737152
,442,,,,,,0.8933079242706299,,0.0969550609588623
,443,,,,,,0.8921636343002319,,0.0908600389957428
,444,,,,,,0.8865529894828796,,0.09874618798494339
88,2224,,,,,0.8921810388565063,,0.09377395361661911,
88,2224,0.9023092985153198,,0.08397405594587326,,,,,
89,2249,,0.902004599571228,,0.08090417087078094,,,,
,445,,,,,,0.8961400985717773,,0.09061847627162933
,446,,,,,,0.888487696647644,,0.09051671624183655
,447,,,,,,0.8876818418502808,,0.10053086280822754
,448,,,,,,0.8923420906066895,,0.0910739004611969
,449,,,,,,0.8854145407676697,,0.09907379001379013
89,2249,,,,,0.8903687000274658,,0.09436275064945221,
89,2249,0.9016057252883911,,0.08426104485988617,,,,,
,450,,,,,,0.900897741317749,,0.08759372681379318
,451,,,,,,0.8893495798110962,,0.09110145270824432
,452,,,,,,0.8949617147445679,,0.09590853750705719
,453,,,,,,0.8867007493972778,,0.09432171285152435
,454,,,,,,0.8867599964141846,,0.09717138111591339
90,2274,,,,,0.8922816514968872,,0.09321936219930649,
90,2274,0.9028103351593018,,0.08365391939878464,,,,,
91,2299,,0.9138296842575073,,0.07786580920219421,,,,
,455,,,,,,0.9013997316360474,,0.08752942085266113
,456,,,,,,0.8932585716247559,,0.08912921696901321
,457,,,,,,0.8954157829284668,,0.0956859439611435
,458,,,,,,0.8913822174072266,,0.09205362945795059
,459,,,,,,0.887788712978363,,0.09729999303817749
91,2299,,,,,0.8942215442657471,,0.0923396423459053,
91,2299,0.9041073322296143,,0.0827513113617897,,,,,
,460,,,,,,0.8986295461654663,,0.08927038311958313
,461,,,,,,0.8926244974136353,,0.08983571827411652
,462,,,,,,0.8936022520065308,,0.09688632190227509
,463,,,,,,0.889280378818512,,0.09127573668956757
,464,,,,,,0.8898346424102783,,0.0976855680346489
92,2324,,,,,0.8932786583900452,,0.09299074113368988,
92,2324,0.9047889709472656,,0.08213192969560623,,,,,
93,2349,,0.9037284851074219,,0.0864095464348793,,,,
,465,,,,,,0.906185507774353,,0.08774806559085846
,466,,,,,,0.8871644735336304,,0.09086064994335175
,467,,,,,,0.8930559158325195,,0.09714846312999725
,468,,,,,,0.8906128406524658,,0.09131892025470734
,469,,,,,,0.8862743377685547,,0.09904336929321289
93,2349,,,,,0.8933476209640503,,0.09322389215230942,
93,2349,0.9037843942642212,,0.08292949944734573,,,,,
,470,,,,,,0.9036732912063599,,0.08697962760925293
,471,,,,,,0.8901462554931641,,0.08873062580823898
,472,,,,,,0.8906413912773132,,0.09760500490665436
,473,,,,,,0.8929256200790405,,0.08949866145849228
,474,,,,,,0.8857195377349854,,0.09928306937217712
94,2374,,,,,0.8930071592330933,,0.09241940081119537,
94,2374,0.9048614501953125,,0.08222385495901108,,,,,
95,2399,,0.8940122127532959,,0.08257268369197845,,,,
,475,,,,,,0.89639812707901,,0.08999107033014297
,476,,,,,,0.8898388147354126,,0.08936864137649536
,477,,,,,,0.8963675498962402,,0.09465010464191437
,478,,,,,,0.890217661857605,,0.09224797785282135
,479,,,,,,0.8792084455490112,,0.10892308503389359
95,2399,,,,,0.8904076814651489,,0.09503617137670517,
95,2399,0.9046995639801025,,0.08194762468338013,,,,,
,480,,,,,,0.9029037952423096,,0.0861818790435791
,481,,,,,,0.8869646787643433,,0.09085498005151749
,482,,,,,,0.894829273223877,,0.09508227556943893
,483,,,,,,0.8914118409156799,,0.09076367318630219
,484,,,,,,0.8878132104873657,,0.09472633898258209
96,2424,,,,,0.8933805227279663,,0.09152182191610336,
96,2424,0.9063040614128113,,0.08104095607995987,,,,,
97,2449,,0.890039324760437,,0.08691989630460739,,,,
,485,,,,,,0.8978642225265503,,0.08757923543453217
,486,,,,,,0.8943836688995361,,0.08897382020950317
,487,,,,,,0.89475417137146,,0.09442423284053802
,488,,,,,,0.8920201063156128,,0.08946774899959564
,489,,,,,,0.8884427547454834,,0.09607444703578949
97,2449,,,,,0.8936455249786377,,0.09130389988422394,
97,2449,0.9053372144699097,,0.08152872323989868,,,,,
,490,,,,,,0.8989312648773193,,0.08824635297060013
,491,,,,,,0.8900794982910156,,0.08999209851026535
,492,,,,,,0.8965811729431152,,0.09551231563091278
,493,,,,,,0.8924987316131592,,0.08965924382209778
,494,,,,,,0.8873311281204224,,0.09641717374324799
98,2474,,,,,0.8934597373008728,,0.0919654369354248,
98,2474,0.9061949253082275,,0.08099134266376495,,,,,
99,2499,,0.9138855934143066,,0.07469020783901215,,,,
,495,,,,,,0.9023256301879883,,0.08553674817085266
,496,,,,,,0.894111156463623,,0.086448073387146
,497,,,,,,0.8979769945144653,,0.09240709245204926
,498,,,,,,0.8928331136703491,,0.08954176306724548
,499,,,,,,0.8947923183441162,,0.0922568291425705
99,2499,,,,,0.8969913721084595,,0.08923809230327606,
99,2499,0.9065076112747192,,0.08008299767971039,,,,,
,500,,,,,,0.9033174514770508,,0.08413846790790558
,501,,,,,,0.8932101726531982,,0.08824509382247925
,502,,,,,,0.8971229791641235,,0.09344655275344849
,503,,,,,,0.8922315835952759,,0.08937123417854309
,504,,,,,,0.8909618854522705,,0.09398452937602997
100,2524,,,,,0.8959767818450928,,0.08983717113733292,
100,2524,0.9075826406478882,,0.07980679720640182,,,,,
101,2549,,0.9030904769897461,,0.08178256452083588,,,,
,505,,,,,,0.8887441158294678,,0.09670533984899521
,506,,,,,,0.8862951397895813,,0.09295231103897095
,507,,,,,,0.8923816680908203,,0.09747766703367233
,508,,,,,,0.8934311866760254,,0.08981028199195862
,509,,,,,,0.8821314573287964,,0.10254170000553131
101,2549,,,,,0.8885852694511414,,0.09589745849370956,
101,2549,0.9080092906951904,,0.07974132895469666,,,,,
,510,,,,,,0.9026989936828613,,0.08635903894901276
,511,,,,,,0.8985110521316528,,0.08592180907726288
,512,,,,,,0.8953345417976379,,0.09524668753147125
,513,,,,,,0.8945658802986145,,0.08854331076145172
,514,,,,,,0.8842414617538452,,0.10518600791692734
102,2574,,,,,0.8948218822479248,,0.09225136786699295,
102,2574,0.9075433015823364,,0.07952811568975449,,,,,
103,2599,,0.915878415107727,,0.07737381011247635,,,,
,515,,,,,,0.9006116986274719,,0.0860418826341629
,516,,,,,,0.8931248784065247,,0.0870148241519928
,517,,,,,,0.8980420827865601,,0.09263166040182114
,518,,,,,,0.8913552761077881,,0.08912153542041779
,519,,,,,,0.8892397880554199,,0.09556692838668823
103,2599,,,,,0.8949005603790283,,0.09007535874843597,
103,2599,0.9075955152511597,,0.07936343550682068,,,,,
,520,,,,,,0.8912093639373779,,0.09605177491903305
,521,,,,,,0.8610550165176392,,0.10217960178852081
,522,,,,,,0.8817503452301025,,0.10362901538610458
,523,,,,,,0.879521369934082,,0.09984436631202698
,524,,,,,,0.8553403615951538,,0.1116328239440918
104,2624,,,,,0.8739979267120361,,0.10266752541065216,
104,2624,0.9063453674316406,,0.08020935207605362,,,,,
105,2649,,0.8816173076629639,,0.09106309711933136,,,,
,525,,,,,,0.8964864015579224,,0.09189440310001373
,526,,,,,,0.8760210275650024,,0.09488731622695923
,527,,,,,,0.888566255569458,,0.09951910376548767
,528,,,,,,0.8857145309448242,,0.09436660259962082
,529,,,,,,0.8727712631225586,,0.10776181519031525
105,2649,,,,,0.8845218420028687,,0.09768585115671158,
105,2649,0.8895690441131592,,0.09248184412717819,,,,,
,530,,,,,,0.7515120506286621,,0.23650944232940674
,531,,,,,,0.7843008041381836,,0.16747111082077026
,532,,,,,,0.8211147785186768,,0.1617557555437088
,533,,,,,,0.8107534646987915,,0.15693695843219757
,534,,,,,,0.7978785037994385,,0.18816009163856506
106,2674,,,,,0.7920411825180054,,0.1821666657924652,
106,2674,0.8413282632827759,,0.13021712005138397,,,,,
107,2699,,0.8706650733947754,,0.11236123740673065,,,,
,535,,,,,,0.8777631521224976,,0.10912469774484634
,536,,,,,,0.8633050918579102,,0.11490816622972488
,537,,,,,,0.8577070236206055,,0.1278548389673233
,538,,,,,,0.8380045890808105,,0.1257021576166153
,539,,,,,,0.858055830001831,,0.12572285532951355
107,2699,,,,,0.8597966432571411,,0.12066254764795303,
107,2699,0.8489975929260254,,0.12205798178911209,,,,,
,540,,,,,,0.8620994091033936,,0.11719992011785507
,541,,,,,,0.8706189393997192,,0.10271789133548737
,542,,,,,,0.8500556945800781,,0.12576720118522644
,543,,,,,,0.8881356120109558,,0.09995603561401367
,544,,,,,,0.865556001663208,,0.11981863528490067
108,2724,,,,,0.86676424741745,,0.11309193074703217,
108,2724,0.8711905479431152,,0.1057824194431305,,,,,
109,2749,,0.8854366540908813,,0.09725160896778107,,,,
,545,,,,,,0.8972227573394775,,0.09041246771812439
,546,,,,,,0.881370484828949,,0.09597237408161163
,547,,,,,,0.8833546042442322,,0.10304275900125504
,548,,,,,,0.8844759464263916,,0.09483654797077179
,549,,,,,,0.8778010606765747,,0.10256439447402954
109,2749,,,,,0.8853782415390015,,0.09736571460962296,
109,2749,0.8874584436416626,,0.09497342258691788,,,,,
,550,,,,,,0.9011056423187256,,0.08712130784988403
,551,,,,,,0.8894760608673096,,0.0903971791267395
,552,,,,,,0.8900342583656311,,0.09829967468976974
,553,,,,,,0.8929615020751953,,0.08911082148551941
,554,,,,,,0.8766683340072632,,0.10711045563220978
110,2774,,,,,0.8901475667953491,,0.09440789371728897,
110,2774,0.8976293802261353,,0.08658307045698166,,,,,
111,2799,,0.9062241315841675,,0.08271019160747528,,,,
,555,,,,,,0.8982454538345337,,0.08811253309249878
,556,,,,,,0.8927816152572632,,0.08959494531154633
,557,,,,,,0.8954335451126099,,0.09551097452640533
,558,,,,,,0.894404411315918,,0.0887371301651001
,559,,,,,,0.8820937871932983,,0.1022142767906189
111,2799,,,,,0.8926870226860046,,0.09283397346735,
111,2799,0.9011038541793823,,0.08392489701509476,,,,,
,560,,,,,,0.8772348165512085,,0.11154952645301819
,561,,,,,,0.8862529993057251,,0.09066689759492874
,562,,,,,,0.884505033493042,,0.10109719634056091
,563,,,,,,0.8924325108528137,,0.09022429585456848
,564,,,,,,0.8756804466247559,,0.10725630819797516
112,2824,,,,,0.8826346397399902,,0.10015884786844254,
112,2824,0.8999603986740112,,0.08431185781955719,,,,,
113,2849,,0.9126056432723999,,0.07907368987798691,,,,
,565,,,,,,0.8943243026733398,,0.09059720486402512
,566,,,,,,0.894275426864624,,0.08785053342580795
,567,,,,,,0.8954518437385559,,0.09400865435600281
,568,,,,,,0.8929100036621094,,0.08975991606712341
,569,,,,,,0.887529194355011,,0.095399409532547
113,2849,,,,,0.8929979801177979,,0.09152314811944962,
113,2849,0.9005086421966553,,0.08437014371156693,,,,,
,570,,,,,,0.896422266960144,,0.09281876683235168
,571,,,,,,0.9002798199653625,,0.08594852685928345
,572,,,,,,0.8976465463638306,,0.09569400548934937
,573,,,,,,0.8954945206642151,,0.08922743052244186
,574,,,,,,0.8927162885665894,,0.09563949704170227
114,2874,,,,,0.8965770602226257,,0.0918656438589096,
114,2874,0.9031586647033691,,0.08233020454645157,,,,,
115,2899,,0.8985769748687744,,0.08093894273042679,,,,
,575,,,,,,0.9009195566177368,,0.0851929634809494
,576,,,,,,0.8956676721572876,,0.08625397831201553
,577,,,,,,0.8984200954437256,,0.09295783936977386
,578,,,,,,0.8945987820625305,,0.08853442966938019
,579,,,,,,0.886134147644043,,0.09868073463439941
115,2899,,,,,0.8954637050628662,,0.09032398462295532,
115,2899,0.9068686962127686,,0.08022370934486389,,,,,
,580,,,,,,0.8947861194610596,,0.0897819995880127
,581,,,,,,0.8976255655288696,,0.08535266667604446
,582,,,,,,0.8972198963165283,,0.09280075132846832
,583,,,,,,0.8966495990753174,,0.08756466954946518
,584,,,,,,0.8883424401283264,,0.0985054299235344
116,2924,,,,,0.8950120210647583,,0.09080110490322113,
116,2924,0.9084432721138,,0.07890123128890991,,,,,
117,2949,,0.9070466756820679,,0.08352635055780411,,,,
,585,,,,,,0.899666428565979,,0.08834786713123322
,586,,,,,,0.8998587131500244,,0.08310706913471222
,587,,,,,,0.9000340700149536,,0.09157274663448334
,588,,,,,,0.8983789682388306,,0.08603499829769135
,589,,,,,,0.8906328678131104,,0.09605683386325836
117,2949,,,,,0.8977538347244263,,0.0890239030122757,
117,2949,0.9101521968841553,,0.07778957486152649,,,,,
,590,,,,,,0.901259183883667,,0.08647377043962479
,591,,,,,,0.899010419845581,,0.08416509628295898
,592,,,,,,0.9002203941345215,,0.09131872653961182
,593,,,,,,0.8969128727912903,,0.0874873548746109
,594,,,,,,0.8868600130081177,,0.09733124077320099
118,2974,,,,,0.8969208002090454,,0.0893552303314209,
118,2974,0.9104905724525452,,0.07748054713010788,,,,,
119,2999,,0.9093554019927979,,0.08038781583309174,,,,
,595,,,,,,0.9039628505706787,,0.08607245981693268
,596,,,,,,0.9016017913818359,,0.08280880749225616
,597,,,,,,0.9019595384597778,,0.09000662714242935
,598,,,,,,0.8986974358558655,,0.08651033788919449
,599,,,,,,0.8896361589431763,,0.09747196733951569
119,2999,,,,,0.8991190195083618,,0.08857403695583344,
119,2999,0.9113638401031494,,0.07648895680904388,,,,,
,600,,,,,,0.9023665189743042,,0.08852919936180115
,601,,,,,,0.9035210609436035,,0.08272841572761536
,602,,,,,,0.9042059779167175,,0.09120325744152069
,603,,,,,,0.8969441652297974,,0.0890381783246994
,604,,,,,,0.8924108743667603,,0.09467901289463043
120,3024,,,,,0.8998526334762573,,0.08923561871051788,
120,3024,0.9117349982261658,,0.07611140608787537,,,,,
121,3049,,0.8940156698226929,,0.08100378513336182,,,,
,605,,,,,,0.9020571708679199,,0.08654315769672394
,606,,,,,,0.9009698629379272,,0.08264393359422684
,607,,,,,,0.8992577791213989,,0.09165225923061371
,608,,,,,,0.8973309993743896,,0.08584097027778625
,609,,,,,,0.8917607665061951,,0.09180407971143723
121,3049,,,,,0.8983933329582214,,0.08769688010215759,
121,3049,0.9111459255218506,,0.07663143426179886,,,,,
,610,,,,,,0.9002353549003601,,0.0884588360786438
,611,,,,,,0.9022402763366699,,0.08217968791723251
,612,,,,,,0.9034359455108643,,0.08953564614057541
,613,,,,,,0.8994029760360718,,0.08630730211734772
,614,,,,,,0.8907263278961182,,0.09564487636089325
122,3074,,,,,0.8991583585739136,,0.08842527866363525,
122,3074,0.9126701354980469,,0.07563865929841995,,,,,
123,3099,,0.9190431833267212,,0.06896255910396576,,,,
,615,,,,,,0.9033995866775513,,0.0877709910273552
,616,,,,,,0.9026129245758057,,0.08168351650238037
,617,,,,,,0.8979532718658447,,0.09317879378795624
,618,,,,,,0.8985911011695862,,0.08572730422019958
,619,,,,,,0.8906118869781494,,0.09765065461397171
123,3099,,,,,0.8986352682113647,,0.08920225501060486,
123,3099,0.912609875202179,,0.07548878341913223,,,,,
,620,,,,,,0.903309166431427,,0.08628606796264648
,621,,,,,,0.90223228931427,,0.08146404474973679
,622,,,,,,0.9003375172615051,,0.0897747129201889
,623,,,,,,0.8989012837409973,,0.08515766263008118
,624,,,,,,0.8906773328781128,,0.09529503434896469
124,3124,,,,,0.8990956544876099,,0.08759550750255585,
124,3124,0.9141532778739929,,0.07445399463176727,,,,,
125,3149,,0.9065867066383362,,0.08394227176904678,,,,
,625,,,,,,0.9075390100479126,,0.08426248282194138
,626,,,,,,0.9018172025680542,,0.08131791651248932
,627,,,,,,0.9035626649856567,,0.08896961808204651
,628,,,,,,0.8994355201721191,,0.08495186269283295
,629,,,,,,0.8949102759361267,,0.09260302037000656
125,3149,,,,,0.9017140865325928,,0.08642097562551498,
125,3149,0.9133230447769165,,0.07508840411901474,,,,,
,630,,,,,,0.9057643413543701,,0.08694960176944733
,631,,,,,,0.9025548696517944,,0.0820544883608818
,632,,,,,,0.8987336158752441,,0.09268882870674133
,633,,,,,,0.8992972373962402,,0.08431956171989441
,634,,,,,,0.8922843933105469,,0.09623615443706512
126,3174,,,,,0.8997728824615479,,0.08844973146915436,
126,3174,0.9141438007354736,,0.07412872463464737,,,,,
127,3199,,0.905240535736084,,0.07840657234191895,,,,
,635,,,,,,0.8992975354194641,,0.09189556539058685
,636,,,,,,0.902310848236084,,0.08133113384246826
,637,,,,,,0.9016072750091553,,0.09126298874616623
,638,,,,,,0.9011596441268921,,0.08387446403503418
,639,,,,,,0.8913094997406006,,0.09721389412879944
127,3199,,,,,0.8989229202270508,,0.08911560475826263,
127,3199,0.9142322540283203,,0.0743379145860672,,,,,
,640,,,,,,0.9019322395324707,,0.08858419954776764
,641,,,,,,0.9035106897354126,,0.0805058479309082
,642,,,,,,0.9026707410812378,,0.08898519724607468
,643,,,,,,0.9002714157104492,,0.08417180180549622
,644,,,,,,0.8950080871582031,,0.09175047278404236
128,3224,,,,,0.9007148146629333,,0.0867995023727417,
128,3224,0.9143506288528442,,0.07381322234869003,,,,,
129,3249,,0.9115038514137268,,0.07515870034694672,,,,
,645,,,,,,0.8976962566375732,,0.08857287466526031
,646,,,,,,0.9012227058410645,,0.08147826790809631
,647,,,,,,0.8997253179550171,,0.09012238681316376
,648,,,,,,0.9010238647460938,,0.08379675447940826
,649,,,,,,0.8919621706008911,,0.09613622725009918
129,3249,,,,,0.8982726335525513,,0.08802130073308945,
129,3249,0.9148364067077637,,0.07379528135061264,,,,,
,650,,,,,,0.8982672691345215,,0.08740595728158951
,651,,,,,,0.901663601398468,,0.0806565135717392
,652,,,,,,0.9023569822311401,,0.08886510133743286
,653,,,,,,0.9017519950866699,,0.0839071273803711
,654,,,,,,0.8951536417007446,,0.09170512855052948
130,3274,,,,,0.8998682498931885,,0.08650796115398407,
130,3274,0.9154254198074341,,0.07336004823446274,,,,,
131,3299,,0.9244346618652344,,0.06429728865623474,,,,
,655,,,,,,0.9028431177139282,,0.08658728003501892
,656,,,,,,0.9022597074508667,,0.08143456280231476
,657,,,,,,0.9009852409362793,,0.09200680255889893
,658,,,,,,0.8990259170532227,,0.08648437261581421
,659,,,,,,0.8967434763908386,,0.09273630380630493
131,3299,,,,,0.9006578922271729,,0.08784987032413483,
131,3299,0.9158551096916199,,0.07307858020067215,,,,,
,660,,,,,,0.9029543995857239,,0.08669629693031311
,661,,,,,,0.8977407813072205,,0.08342376351356506
,662,,,,,,0.9013128280639648,,0.09009365737438202
,663,,,,,,0.8999296426773071,,0.08373203873634338
,664,,,,,,0.8945194482803345,,0.09123387932777405
132,3324,,,,,0.8995604515075684,,0.08703593164682388,
132,3324,0.9157127141952515,,0.07308370620012283,,,,,
133,3349,,0.9187254309654236,,0.07286716252565384,,,,
,665,,,,,,0.898739218711853,,0.0899546667933464
,666,,,,,,0.9030169248580933,,0.0812811553478241
,667,,,,,,0.9013462066650391,,0.09233264625072479
,668,,,,,,0.8988200426101685,,0.08466804027557373
,669,,,,,,0.8942399024963379,,0.09513624012470245
133,3349,,,,,0.8992362022399902,,0.08867454528808594,
133,3349,0.9161484837532043,,0.07275699824094772,,,,,
,670,,,,,,0.9066704511642456,,0.08673065900802612
,671,,,,,,0.9030890464782715,,0.08059842884540558
,672,,,,,,0.9016194343566895,,0.0905790776014328
,673,,,,,,0.8995983600616455,,0.08411721140146255
,674,,,,,,0.8978747129440308,,0.0913345068693161
134,3374,,,,,0.9021553993225098,,0.08667197078466415,
134,3374,0.9170368909835815,,0.07204445451498032,,,,,
135,3399,,0.91285640001297,,0.07084942609071732,,,,
,675,,,,,,0.9080857038497925,,0.084236741065979
,676,,,,,,0.9019939303398132,,0.07992653548717499
,677,,,,,,0.9046733379364014,,0.08763102442026138
,678,,,,,,0.8981035351753235,,0.0851721316576004
,679,,,,,,0.8970208168029785,,0.09154395759105682
135,3399,,,,,0.9024065732955933,,0.085702084004879,
135,3399,0.9169138669967651,,0.07195664197206497,,,,,
,680,,,,,,0.9039977192878723,,0.08568891882896423
,681,,,,,,0.900790810585022,,0.08146608620882034
,682,,,,,,0.902121901512146,,0.08900265395641327
,683,,,,,,0.8998550176620483,,0.08459676802158356
,684,,,,,,0.8939574956893921,,0.09438128769397736
136,3424,,,,,0.9004151821136475,,0.08702713251113892,
136,3424,0.9171044826507568,,0.07179709523916245,,,,,
137,3449,,0.9224811792373657,,0.06916161626577377,,,,
,685,,,,,,0.901625394821167,,0.08742131292819977
,686,,,,,,0.9051177501678467,,0.08121099323034286
,687,,,,,,0.905596137046814,,0.08934555947780609
,688,,,,,,0.9008711576461792,,0.08522440493106842
,689,,,,,,0.8976376056671143,,0.09461399167776108
137,3449,,,,,0.9022278785705566,,0.08756324648857117,
137,3449,0.9163388013839722,,0.0720454603433609,,,,,
,690,,,,,,0.9097520709037781,,0.08241765201091766
,691,,,,,,0.8984416723251343,,0.08321776241064072
,692,,,,,,0.9009571671485901,,0.09011758118867874
,693,,,,,,0.9018378257751465,,0.08312877267599106
,694,,,,,,0.8941594958305359,,0.09399203956127167
138,3474,,,,,0.9014402627944946,,0.08657475560903549,
138,3474,0.9175682067871094,,0.07131072133779526,,,,,
139,3499,,0.9108825922012329,,0.07736079394817352,,,,
,695,,,,,,0.9098788499832153,,0.08142505586147308
,696,,,,,,0.9031535387039185,,0.07990432530641556
,697,,,,,,0.9032433032989502,,0.08783125132322311
,698,,,,,,0.9005520343780518,,0.08285948634147644
,699,,,,,,0.8952953815460205,,0.09374016523361206
139,3499,,,,,0.9026869535446167,,0.08515205979347229,
139,3499,0.9184595346450806,,0.07064107060432434,,,,,
,700,,,,,,0.9056504964828491,,0.08366984128952026
,701,,,,,,0.8999875783920288,,0.08164353668689728
,702,,,,,,0.9055313467979431,,0.08721363544464111
,703,,,,,,0.9019556045532227,,0.08296190947294235
,704,,,,,,0.8942642211914062,,0.09502692520618439
140,3524,,,,,0.9017937183380127,,0.0861031636595726,
140,3524,0.9180378913879395,,0.07071339339017868,,,,,
141,3549,,0.9110686779022217,,0.07065793126821518,,,,
,705,,,,,,0.9050348997116089,,0.08417297154664993
,706,,,,,,0.8995186686515808,,0.08351864665746689
,707,,,,,,0.9001666307449341,,0.08921769261360168
,708,,,,,,0.9021909236907959,,0.08234158903360367
,709,,,,,,0.8928446769714355,,0.09675554186105728
141,3549,,,,,0.9000245332717896,,0.08720128238201141,
141,3549,0.9180068373680115,,0.07082460075616837,,,,,
,710,,,,,,0.9081275463104248,,0.08226925134658813
,711,,,,,,0.9017890095710754,,0.08105091750621796
,712,,,,,,0.9020252227783203,,0.08968673646450043
,713,,,,,,0.9003434181213379,,0.08333483338356018
,714,,,,,,0.8953186273574829,,0.09403148293495178
142,3574,,,,,0.9017732739448547,,0.08607464283704758,
142,3574,0.9181369543075562,,0.07077142596244812,,,,,
143,3599,,0.9066469669342041,,0.08539600670337677,,,,
,715,,,,,,0.9062537550926208,,0.08261238783597946
,716,,,,,,0.9055861234664917,,0.0781465470790863
,717,,,,,,0.904778778553009,,0.0869533121585846
,718,,,,,,0.9001199007034302,,0.08441987633705139
,719,,,,,,0.8977173566818237,,0.09264779090881348
143,3599,,,,,0.9030773639678955,,0.08495598286390305,
143,3599,0.918138861656189,,0.07085815817117691,,,,,
,720,,,,,,0.9083715677261353,,0.08412618190050125
,721,,,,,,0.9024136066436768,,0.07989127188920975
,722,,,,,,0.9031050205230713,,0.08970676362514496
,723,,,,,,0.9027047157287598,,0.08232665061950684
,724,,,,,,0.898000955581665,,0.09360221773386002
144,3624,,,,,0.9032326936721802,,0.08593061566352844,
144,3624,0.9188665747642517,,0.07018028944730759,,,,,
145,3649,,0.9200474619865417,,0.06897523999214172,,,,
,725,,,,,,0.9003713726997375,,0.0899396538734436
,726,,,,,,0.9002079963684082,,0.08230406045913696
,727,,,,,,0.899889349937439,,0.0941084548830986
,728,,,,,,0.9041826725006104,,0.08222618699073792
,729,,,,,,0.8919230699539185,,0.10266870260238647
145,3649,,,,,0.8991773724555969,,0.09024941176176071,
145,3649,0.9177131056785583,,0.07099012285470963,,,,,
,730,,,,,,0.9053441286087036,,0.08338949084281921
,731,,,,,,0.8993476033210754,,0.08220978081226349
,732,,,,,,0.8987929821014404,,0.09307362139225006
,733,,,,,,0.9025319814682007,,0.08420880138874054
,734,,,,,,0.8936097621917725,,0.09411107003688812
146,3674,,,,,0.9001784324645996,,0.08739855140447617,
146,3674,0.9167523384094238,,0.07168418914079666,,,,,
147,3699,,0.9166841506958008,,0.07453620433807373,,,,
,735,,,,,,0.908309817314148,,0.0816679373383522
,736,,,,,,0.9049679040908813,,0.0807037279009819
,737,,,,,,0.9011106491088867,,0.09084952622652054
,738,,,,,,0.9000934958457947,,0.0847034901380539
,739,,,,,,0.896631121635437,,0.09321735799312592
147,3699,,,,,0.9024204015731812,,0.08622840791940689,
147,3699,0.9182429909706116,,0.07038935273885727,,,,,
,740,,,,,,0.9067304730415344,,0.08573129773139954
,741,,,,,,0.9037958383560181,,0.08038188517093658
,742,,,,,,0.9045458436012268,,0.08763986080884933
,743,,,,,,0.900101900100708,,0.0835757777094841
,744,,,,,,0.8974157571792603,,0.09445201605558395
148,3724,,,,,0.9027417302131653,,0.08635617047548294,
148,3724,0.9188685417175293,,0.0699332058429718,,,,,
149,3749,,0.9117423892021179,,0.07409843802452087,,,,
,745,,,,,,0.9072883129119873,,0.08560088276863098
,746,,,,,,0.9060351848602295,,0.07857222855091095
,747,,,,,,0.9038510918617249,,0.08941128104925156
,748,,,,,,0.9034432172775269,,0.08163753896951675
,749,,,,,,0.8958666324615479,,0.09620512276887894
149,3749,,,,,0.9033099412918091,,0.08628540486097336,
149,3749,0.9197815656661987,,0.06933674216270447,,,,,
,750,,,,,,0.9042143225669861,,0.08609028905630112
,751,,,,,,0.898746907711029,,0.08103880286216736
,752,,,,,,0.9057359099388123,,0.0879010409116745
,753,,,,,,0.8998161554336548,,0.08500103652477264
,754,,,,,,0.8962904214859009,,0.09293465316295624
150,3774,,,,,0.9013181924819946,,0.08659317344427109,
150,3774,0.9201900959014893,,0.06911181658506393,,,,,
151,3799,,0.9206163883209229,,0.06656454503536224,,,,
,755,,,,,,0.9040645360946655,,0.08723214268684387
,756,,,,,,0.9039486646652222,,0.08065162599086761
,757,,,,,,0.9026452302932739,,0.08910849690437317
,758,,,,,,0.9036154747009277,,0.084112748503685
,759,,,,,,0.8995963335037231,,0.08991551399230957
151,3799,,,,,0.9029537439346313,,0.08620411157608032,
151,3799,0.9196138381958008,,0.06939373910427094,,,,,
,760,,,,,,0.9096655249595642,,0.08398444950580597
,761,,,,,,0.9032758474349976,,0.07999458909034729
,762,,,,,,0.9037634134292603,,0.08975017070770264
,763,,,,,,0.901938796043396,,0.08351204544305801
,764,,,,,,0.8981929421424866,,0.09655772149562836
152,3824,,,,,0.9036809206008911,,0.0867597907781601,
152,3824,0.9205654859542847,,0.06881224364042282,,,,,
153,3849,,0.6994271278381348,,0.258849561214447,,,,
,765,,,,,,0.7042226195335388,,0.24626192450523376
,766,,,,,,0.717427670955658,,0.23801489174365997
,767,,,,,,0.7177141904830933,,0.24623477458953857
,768,,,,,,0.7470716238021851,,0.22373585402965546
,769,,,,,,0.6882269382476807,,0.28206950426101685
153,3849,,,,,0.7128235101699829,,0.24726338684558868,
153,3849,0.8353056907653809,,0.13459886610507965,,,,,
,770,,,,,,0.819040060043335,,0.1561010777950287
,771,,,,,,0.8328115940093994,,0.12981463968753815
,772,,,,,,0.8385738134384155,,0.1505257487297058
,773,,,,,,0.8439171314239502,,0.13350051641464233
,774,,,,,,0.8137953281402588,,0.1509072184562683
154,3874,,,,,0.8283451795578003,,0.14416983723640442,
154,3874,0.7595338821411133,,0.19322103261947632,,,,,
155,3899,,0.8842782974243164,,0.09321733564138412,,,,
,775,,,,,,0.8819376230239868,,0.10563991963863373
,776,,,,,,0.8529238700866699,,0.10820790380239487
,777,,,,,,0.8798339366912842,,0.10950446128845215
,778,,,,,,0.8662929534912109,,0.10747389495372772
,779,,,,,,0.8551852703094482,,0.11851077526807785
155,3899,,,,,0.8677371740341187,,0.1098673939704895,
155,3899,0.8629142045974731,,0.11367889493703842,,,,,
,780,,,,,,0.8842111229896545,,0.10077248513698578
,781,,,,,,0.8844866752624512,,0.09510794281959534
,782,,,,,,0.8890743851661682,,0.10119710862636566
,783,,,,,,0.8812885284423828,,0.09627604484558105
,784,,,,,,0.8827062249183655,,0.10097740590572357
156,3924,,,,,0.8846351504325867,,0.09886620193719864,
156,3924,0.8863843679428101,,0.09554947912693024,,,,,
157,3949,,0.8966915607452393,,0.09088055789470673,,,,
,785,,,,,,0.8890151381492615,,0.0968635305762291
,786,,,,,,0.8906961679458618,,0.08926951885223389
,787,,,,,,0.8976094722747803,,0.0951801985502243
,788,,,,,,0.8911435604095459,,0.09095191210508347
,789,,,,,,0.8852705955505371,,0.09856145828962326
157,3949,,,,,0.890726625919342,,0.09416532516479492,
157,3949,0.8977820873260498,,0.08682027459144592,,,,,
,790,,,,,,0.8812161684036255,,0.10596363246440887
,791,,,,,,0.8928850293159485,,0.08797868341207504
,792,,,,,,0.899811327457428,,0.09342996776103973
,793,,,,,,0.8944680094718933,,0.08798105269670486
,794,,,,,,0.8895004987716675,,0.09434474259614944
158,3974,,,,,0.8913714289665222,,0.09393961727619171,
158,3974,0.9028803706169128,,0.08262679725885391,,,,,
159,3999,,0.8945987224578857,,0.08674883842468262,,,,
,795,,,,,,0.8887907266616821,,0.09902017563581467
,796,,,,,,0.894168496131897,,0.08626604080200195
,797,,,,,,0.897812008857727,,0.09481983631849289
,798,,,,,,0.8963724374771118,,0.0868505984544754
,799,,,,,,0.8918564319610596,,0.0938032865524292
159,3999,,,,,0.893857479095459,,0.09215198457241058,
159,3999,0.9039801359176636,,0.08175583183765411,,,,,
,800,,,,,,0.8947429656982422,,0.09170633554458618
,801,,,,,,0.890455961227417,,0.08516653627157211
,802,,,,,,0.9041029214859009,,0.09132467210292816
,803,,,,,,0.8973400592803955,,0.0852186381816864
,804,,,,,,0.8923530578613281,,0.09373565763235092
160,4024,,,,,0.8961491584777832,,0.08943036943674088,
160,4024,0.9079593420028687,,0.07930529862642288,,,,,
161,4049,,0.9142025709152222,,0.07325640320777893,,,,
,805,,,,,,0.8943288326263428,,0.09124371409416199
,806,,,,,,0.8939437866210938,,0.08496870845556259
,807,,,,,,0.9047752022743225,,0.09143786132335663
,808,,,,,,0.8980284929275513,,0.08516967296600342
,809,,,,,,0.893681526184082,,0.0930030569434166
161,4049,,,,,0.8972240686416626,,0.0891646072268486,
161,4049,0.9108588099479675,,0.07695227861404419,,,,,
,810,,,,,,0.9037898778915405,,0.08487331867218018
,811,,,,,,0.8937336206436157,,0.0847669243812561
,812,,,,,,0.9034104943275452,,0.0910978615283966
,813,,,,,,0.8919105529785156,,0.08724414557218552
,814,,,,,,0.8957772254943848,,0.08977441489696503
162,4074,,,,,0.8984979391098022,,0.08755133301019669,
162,4074,0.9111510515213013,,0.07633765041828156,,,,,
163,4099,,0.9117889404296875,,0.07691402733325958,,,,
,815,,,,,,0.8847253322601318,,0.10840889811515808
,816,,,,,,0.8992322683334351,,0.08284913003444672
,817,,,,,,0.903262734413147,,0.09140519797801971
,818,,,,,,0.8996115922927856,,0.08513909578323364
,819,,,,,,0.8914904594421387,,0.09494182467460632
163,4099,,,,,0.8952635526657104,,0.09254883229732513,
163,4099,0.911963701248169,,0.07560279965400696,,,,,
,820,,,,,,0.8826812505722046,,0.10811463743448257
,821,,,,,,0.8943244218826294,,0.08677268773317337
,822,,,,,,0.901749849319458,,0.09241944551467896
,823,,,,,,0.8984622955322266,,0.08537779748439789
,824,,,,,,0.8880869150161743,,0.09811436384916306
164,4124,,,,,0.8926758766174316,,0.094159796833992,
164,4124,0.9129786491394043,,0.07496574521064758,,,,,
165,4149,,0.9187378883361816,,0.06943708658218384,,,,
,825,,,,,,0.9028686285018921,,0.08799149096012115
,826,,,,,,0.9004251956939697,,0.08170459419488907
,827,,,,,,0.9059230089187622,,0.0902007669210434
,828,,,,,,0.9002326726913452,,0.08405812084674835
,829,,,,,,0.8946132659912109,,0.09314252436161041
165,4149,,,,,0.9009028673171997,,0.08741949498653412,
165,4149,0.9138517379760742,,0.07413502037525177,,,,,
,830,,,,,,0.8952590227127075,,0.09313441812992096
,831,,,,,,0.9007729887962341,,0.08229915797710419
,832,,,,,,0.904944896697998,,0.08926320821046829
,833,,,,,,0.9011446833610535,,0.08189623802900314
,834,,,,,,0.8952519297599792,,0.09073514491319656
166,4174,,,,,0.8994457721710205,,0.08746562898159027,
166,4174,0.915208637714386,,0.07313629239797592,,,,,
167,4199,,0.9134430289268494,,0.07510876655578613,,,,
,835,,,,,,0.9064842462539673,,0.08391787856817245
,836,,,,,,0.8970717191696167,,0.08181038498878479
,837,,,,,,0.9020044803619385,,0.0919884443283081
,838,,,,,,0.898471474647522,,0.0857517421245575
,839,,,,,,0.8923367261886597,,0.09601619839668274
167,4199,,,,,0.8995150327682495,,0.087896928191185,
167,4199,0.9142709970474243,,0.07365578413009644,,,,,
,840,,,,,,0.9046617746353149,,0.08582049608230591
,841,,,,,,0.8982124328613281,,0.08128780126571655
,842,,,,,,0.9026081562042236,,0.08968688547611237
,843,,,,,,0.9009780883789062,,0.08175846934318542
,844,,,,,,0.8964002132415771,,0.09333038330078125
168,4224,,,,,0.9009047746658325,,0.08637680113315582,
168,4224,0.9156091213226318,,0.07258656620979309,,,,,
169,4249,,0.9133614301681519,,0.07485578954219818,,,,
,845,,,,,,0.899489164352417,,0.08496282249689102
,846,,,,,,0.8938467502593994,,0.08192408084869385
,847,,,,,,0.9035314917564392,,0.08877570927143097
,848,,,,,,0.9021313190460205,,0.08165532350540161
,849,,,,,,0.8962373733520508,,0.09021995216608047
169,4249,,,,,0.8993364572525024,,0.0855075791478157,
169,4249,0.916569709777832,,0.07192990183830261,,,,,
,850,,,,,,0.9029953479766846,,0.08648576587438583
,851,,,,,,0.8881323337554932,,0.0854349434375763
,852,,,,,,0.9018478989601135,,0.09045077860355377
,853,,,,,,0.8991779088973999,,0.08289580047130585
,854,,,,,,0.8932412266731262,,0.09336911141872406
170,4274,,,,,0.8976223468780518,,0.08772728592157364,
170,4274,0.9161186218261719,,0.07203076034784317,,,,,
171,4299,,0.913102388381958,,0.07323957979679108,,,,
,855,,,,,,0.8975740671157837,,0.08957675099372864
,856,,,,,,0.9000404477119446,,0.08207407593727112
,857,,,,,,0.9036604166030884,,0.09083607792854309
,858,,,,,,0.9059519171714783,,0.08010589331388474
,859,,,,,,0.8946100473403931,,0.09451079368591309
171,4299,,,,,0.9001837968826294,,0.08742071688175201,
171,4299,0.9167664647102356,,0.07154569029808044,,,,,
,860,,,,,,0.9099537134170532,,0.08066359162330627
,861,,,,,,0.9024571180343628,,0.07867813110351562
,862,,,,,,0.9059544801712036,,0.0871061235666275
,863,,,,,,0.9039193391799927,,0.07992298156023026
,864,,,,,,0.8953307867050171,,0.09217697381973267
172,4324,,,,,0.9036074876785278,,0.08370956033468246,
172,4324,0.9173389673233032,,0.07081864774227142,,,,,
173,4349,,0.9011236429214478,,0.07231774926185608,,,,
,865,,,,,,0.9094516038894653,,0.08252927660942078
,866,,,,,,0.8955601453781128,,0.08226366341114044
,867,,,,,,0.9048066139221191,,0.08813513815402985
,868,,,,,,0.9039415121078491,,0.07998756319284439
,869,,,,,,0.8953359127044678,,0.09316358715295792
173,4349,,,,,0.9022266864776611,,0.08521584421396255,
173,4349,0.9187744855880737,,0.06987565755844116,,,,,
,870,,,,,,0.9021090269088745,,0.08566717058420181
,871,,,,,,0.8949523568153381,,0.0810023844242096
,872,,,,,,0.9039905071258545,,0.08837564289569855
,873,,,,,,0.904322624206543,,0.08070136606693268
,874,,,,,,0.896836519241333,,0.09062279015779495
174,4374,,,,,0.9007147550582886,,0.0852738618850708,
174,4374,0.9196630716323853,,0.06963047385215759,,,,,
175,4399,,0.9203577637672424,,0.06746594607830048,,,,
,875,,,,,,0.899429202079773,,0.09040273725986481
,876,,,,,,0.8942371606826782,,0.08300963044166565
,877,,,,,,0.9037740230560303,,0.08873442560434341
,878,,,,,,0.9050631523132324,,0.08044712990522385
,879,,,,,,0.8996638655662537,,0.0917600616812706
175,4399,,,,,0.9008079171180725,,0.08687080442905426,
175,4399,0.9197801351547241,,0.06938708573579788,,,,,
,880,,,,,,0.8974431753158569,,0.0917254388332367
,881,,,,,,0.8936012983322144,,0.08246372640132904
,882,,,,,,0.9022427797317505,,0.08981918543577194
,883,,,,,,0.9028218984603882,,0.08138523995876312
,884,,,,,,0.8914393782615662,,0.09901639819145203
176,4424,,,,,0.8975082635879517,,0.08888199925422668,
176,4424,0.9195069074630737,,0.06943194568157196,,,,,
177,4449,,0.9212228059768677,,0.0671902596950531,,,,
,885,,,,,,0.9031330347061157,,0.08313602209091187
,886,,,,,,0.8953464031219482,,0.08180643618106842
,887,,,,,,0.9058017134666443,,0.08803051710128784
,888,,,,,,0.9051322340965271,,0.07957375049591064
,889,,,,,,0.8982800245285034,,0.09026192128658295
177,4449,,,,,0.9018816947937012,,0.08456172794103622,
177,4449,0.9188127517700195,,0.0696907490491867,,,,,
,890,,,,,,0.9101169109344482,,0.07863028347492218
,891,,,,,,0.9000492095947266,,0.08048189431428909
,892,,,,,,0.9063084125518799,,0.0897991955280304
,893,,,,,,0.9022448062896729,,0.08161313086748123
,894,,,,,,0.8976584672927856,,0.08933141827583313
178,4474,,,,,0.9037212133407593,,0.08397118747234344,
178,4474,0.9200435280799866,,0.06912032514810562,,,,,
179,4499,,0.9321991205215454,,0.062139999121427536,,,,
,895,,,,,,0.8932840824127197,,0.10346069931983948
,896,,,,,,0.9053248167037964,,0.07864205539226532
,897,,,,,,0.9043662548065186,,0.09166686236858368
,898,,,,,,0.9008052349090576,,0.08475155383348465
,899,,,,,,0.8940370082855225,,0.10072390735149384
179,4499,,,,,0.8992094397544861,,0.09184901416301727,
179,4499,0.9208313226699829,,0.06848610192537308,,,,,
,900,,,,,,0.884524941444397,,0.11915373802185059
,901,,,,,,0.8969906568527222,,0.08120110630989075
,902,,,,,,0.9012107253074646,,0.0925309807062149
,903,,,,,,0.8991450071334839,,0.08397912234067917
,904,,,,,,0.8792451620101929,,0.11134809255599976
180,4524,,,,,0.8913129568099976,,0.09764261543750763,
180,4524,0.9173599481582642,,0.07094478607177734,,,,,
181,4549,,0.9281560778617859,,0.06047976762056351,,,,
,905,,,,,,0.9087123274803162,,0.07956131547689438
,906,,,,,,0.9030364751815796,,0.07946978509426117
,907,,,,,,0.9074771404266357,,0.08705472946166992
,908,,,,,,0.9061923623085022,,0.07995918393135071
,909,,,,,,0.8962337970733643,,0.09344515949487686
181,4549,,,,,0.9044578075408936,,0.08389803022146225,
181,4549,0.9186782836914062,,0.06972677260637283,,,,,
,910,,,,,,0.9107034206390381,,0.07747858762741089
,911,,,,,,0.8980867266654968,,0.08159159868955612
,912,,,,,,0.9068921804428101,,0.0868767499923706
,913,,,,,,0.9017422199249268,,0.08137673139572144
,914,,,,,,0.8968807458877563,,0.0921396017074585
182,4574,,,,,0.9033708572387695,,0.08389265835285187,
182,4574,0.9209494590759277,,0.06836995482444763,,,,,
183,4599,,0.9267885684967041,,0.06336509436368942,,,,
,915,,,,,,0.9098520874977112,,0.07790885120630264
,916,,,,,,0.9030686616897583,,0.07947322726249695
,917,,,,,,0.9074966907501221,,0.08667580783367157
,918,,,,,,0.9057015180587769,,0.07902143895626068
,919,,,,,,0.8995782136917114,,0.09103003144264221
183,4599,,,,,0.9053879976272583,,0.08282186836004257,
183,4599,0.9214409589767456,,0.06771095842123032,,,,,
,920,,,,,,0.9086921215057373,,0.07833325862884521
,921,,,,,,0.9022787809371948,,0.0803290605545044
,922,,,,,,0.9080172777175903,,0.08658547699451447
,923,,,,,,0.9052571058273315,,0.07977499067783356
,924,,,,,,0.8996655941009521,,0.09050488471984863
184,4624,,,,,0.9051114320755005,,0.08310553431510925,
184,4624,0.9220281839370728,,0.0673380196094513,,,,,
185,4649,,0.913442850112915,,0.07165125012397766,,,,
,925,,,,,,0.9128915071487427,,0.07738220691680908
,926,,,,,,0.9052551984786987,,0.07841183245182037
,927,,,,,,0.9073225259780884,,0.08721070736646652
,928,,,,,,0.9064656496047974,,0.07901623845100403
,929,,,,,,0.8991852402687073,,0.09123525023460388
185,4649,,,,,0.9064295291900635,,0.08265124261379242,
185,4649,0.922560453414917,,0.06674548983573914,,,,,
,930,,,,,,0.8980062007904053,,0.09187372028827667
,931,,,,,,0.9028063416481018,,0.08006072789430618
,932,,,,,,0.9089637994766235,,0.08709003776311874
,933,,,,,,0.9069021940231323,,0.07937125861644745
,934,,,,,,0.9009902477264404,,0.09113965183496475
186,4674,,,,,0.9035336971282959,,0.08590708673000336,
186,4674,0.9218322038650513,,0.0676567479968071,,,,,
187,4699,,0.9231827259063721,,0.0654858648777008,,,,
,935,,,,,,0.9092727899551392,,0.08103014528751373
,936,,,,,,0.9013065099716187,,0.08038276433944702
,937,,,,,,0.9097093343734741,,0.08692505955696106
,938,,,,,,0.9060631394386292,,0.07927906513214111
,939,,,,,,0.8992928266525269,,0.092373788356781
187,4699,,,,,0.9054213762283325,,0.0839981660246849,
187,4699,0.92264723777771,,0.06677564233541489,,,,,
,940,,,,,,0.9087432622909546,,0.08016853779554367
,941,,,,,,0.8997871279716492,,0.08054956793785095
,942,,,,,,0.9048819541931152,,0.09002844989299774
,943,,,,,,0.9056662321090698,,0.0796089768409729
,944,,,,,,0.8935197591781616,,0.09779208153486252
188,4724,,,,,0.9026556015014648,,0.08562952280044556,
188,4724,0.9230639934539795,,0.06650643050670624,,,,,
189,4749,,0.9301995038986206,,0.06239493191242218,,,,
,945,,,,,,0.9095827341079712,,0.07812037318944931
,946,,,,,,0.9010637998580933,,0.08008980751037598
,947,,,,,,0.9045034646987915,,0.08890001475811005
,948,,,,,,0.9054480791091919,,0.07957470417022705
,949,,,,,,0.8981856107711792,,0.0933685302734375
189,4749,,,,,0.9040243625640869,,0.08401068300008774,
189,4749,0.9236451983451843,,0.06599454581737518,,,,,
,950,,,,,,0.9104475975036621,,0.07862897217273712
,951,,,,,,0.9030308723449707,,0.07849158346652985
,952,,,,,,0.9059501886367798,,0.08943647891283035
,953,,,,,,0.9079582691192627,,0.07788161188364029
,954,,,,,,0.9001246690750122,,0.09258611500263214
190,4774,,,,,0.9057479500770569,,0.08340494334697723,
190,4774,0.9238914251327515,,0.06553304940462112,,,,,
191,4799,,0.9290320873260498,,0.061795346438884735,,,,
,955,,,,,,0.9064528942108154,,0.08354189991950989
,956,,,,,,0.9045120477676392,,0.08036885410547256
,957,,,,,,0.9073772430419922,,0.08903730660676956
,958,,,,,,0.9062352180480957,,0.08075626194477081
,959,,,,,,0.900176465511322,,0.09476836770772934
191,4799,,,,,0.9050611257553101,,0.08569453656673431,
191,4799,0.9239339828491211,,0.06570150703191757,,,,,
,960,,,,,,0.9086509943008423,,0.08159938454627991
,961,,,,,,0.9049679040908813,,0.0793071836233139
,962,,,,,,0.9070745706558228,,0.08908654749393463
,963,,,,,,0.9078830480575562,,0.07882355898618698
,964,,,,,,0.9005662202835083,,0.09162384271621704
192,4824,,,,,0.9059792757034302,,0.08408810198307037,
192,4824,0.9233009815216064,,0.06623188406229019,,,,,
193,4849,,0.9217995405197144,,0.06627891957759857,,,,
,965,,,,,,0.9035642147064209,,0.08215673267841339
,966,,,,,,0.9001138210296631,,0.0805925652384758
,967,,,,,,0.9063470959663391,,0.08895326405763626
,968,,,,,,0.905497670173645,,0.07938140630722046
,969,,,,,,0.8975516557693481,,0.09375009685754776
193,4849,,,,,0.9027433395385742,,0.08496680855751038,
193,4849,0.9241765737533569,,0.06564745306968689,,,,,
,970,,,,,,0.9111673831939697,,0.07965004444122314
,971,,,,,,0.9037842750549316,,0.07895489782094955
,972,,,,,,0.9084375500679016,,0.08741207420825958
,973,,,,,,0.908312201499939,,0.07781018316745758
,974,,,,,,0.9009674787521362,,0.09066268801689148
194,4874,,,,,0.9067810773849487,,0.08289797604084015,
194,4874,0.9240968227386475,,0.06559058278799057,,,,,
195,4899,,0.9293283224105835,,0.0626295655965805,,,,
,975,,,,,,0.900827169418335,,0.08764016628265381
,976,,,,,,0.9060764312744141,,0.0791119635105133
,977,,,,,,0.9085992574691772,,0.08829091489315033
,978,,,,,,0.9070035219192505,,0.08022571355104446
,979,,,,,,0.9004344940185547,,0.0923352986574173
195,4899,,,,,0.9045011401176453,,0.08552080392837524,
195,4899,0.9249594807624817,,0.06476251035928726,,,,,
,980,,,,,,0.8990259170532227,,0.0915408581495285
,981,,,,,,0.8978198766708374,,0.08200135827064514
,982,,,,,,0.9045730829238892,,0.08944490551948547
,983,,,,,,0.9048235416412354,,0.07988478243350983
,984,,,,,,0.8973549604415894,,0.09530222415924072
196,4924,,,,,0.9008517265319824,,0.08763482421636581,
196,4924,0.9246051907539368,,0.06517403572797775,,,,,
197,4949,,0.9204967021942139,,0.06513139605522156,,,,
,985,,,,,,0.9051038026809692,,0.08351661264896393
,986,,,,,,0.9040968418121338,,0.07830734550952911
,987,,,,,,0.9073143005371094,,0.08854518830776215
,988,,,,,,0.9077678918838501,,0.07798616588115692
,989,,,,,,0.9006286859512329,,0.09287981688976288
197,4949,,,,,0.9050832390785217,,0.08424703031778336,
197,4949,0.9248653650283813,,0.0648317039012909,,,,,
,990,,,,,,0.904102087020874,,0.08547091484069824
,991,,,,,,0.9032571315765381,,0.07988160848617554
,992,,,,,,0.9069505929946899,,0.08825899660587311
,993,,,,,,0.9066003561019897,,0.07951965928077698
,994,,,,,,0.8976749181747437,,0.0953044593334198
198,4974,,,,,0.9037432670593262,,0.08568712323904037,
198,4974,0.9246282577514648,,0.06482886523008347,,,,,
199,4999,,0.9187058210372925,,0.062381893396377563,,,,
,995,,,,,,0.8989654779434204,,0.08955267071723938
,996,,,,,,0.8999541997909546,,0.08197623491287231
,997,,,,,,0.9048693776130676,,0.09065300226211548
,998,,,,,,0.9066959619522095,,0.07991720736026764
,999,,,,,,0.8967221975326538,,0.09905260801315308
199,4999,,,,,0.9013594388961792,,0.08823034912347794,
199,4999,0.9250602722167969,,0.06455680727958679,,,,,
,1000,,,,,,0.9159398078918457,,0.07790550589561462
,1001,,,,,,0.9031155109405518,,0.07876590639352798
,1002,,,,,,0.908344030380249,,0.08795249462127686
,1003,,,,,,0.9066768884658813,,0.07966578006744385
,1004,,,,,,0.902111828327179,,0.09087808430194855
200,5024,,,,,0.9077060222625732,,0.08303354680538177,
200,5024,0.9249839782714844,,0.0647573471069336,,,,,
201,5049,,0.922608494758606,,0.06730929017066956,,,,
,1005,,,,,,0.8981128931045532,,0.09934709221124649
,1006,,,,,,0.9036020040512085,,0.08014848828315735
,1007,,,,,,0.9061926603317261,,0.08934201300144196
,1008,,,,,,0.9077772498130798,,0.07895238697528839
,1009,,,,,,0.8999483585357666,,0.09396323561668396
201,5049,,,,,0.9029873609542847,,0.08835063874721527,
201,5049,0.9254618883132935,,0.06427544355392456,,,,,
,1010,,,,,,0.9090284109115601,,0.0802701786160469
,1011,,,,,,0.9023046493530273,,0.08278746157884598
,1012,,,,,,0.9072306156158447,,0.08802050352096558
,1013,,,,,,0.9051507115364075,,0.08111928403377533
,1014,,,,,,0.8984018564224243,,0.09194958209991455
202,5074,,,,,0.904680073261261,,0.0848294049501419,
202,5074,0.9247956871986389,,0.06483928114175797,,,,,
203,5099,,0.91953444480896,,0.06662587821483612,,,,
,1015,,,,,,0.9005249738693237,,0.09165635704994202
,1016,,,,,,0.9056292176246643,,0.07893161475658417
,1017,,,,,,0.9074814915657043,,0.08800594508647919
,1018,,,,,,0.9064137935638428,,0.07826792448759079
,1019,,,,,,0.9018489122390747,,0.08976684510707855
203,5099,,,,,0.9044068455696106,,0.08532574027776718,
203,5099,0.925110936164856,,0.0643664076924324,,,,,
,1020,,,,,,0.911300003528595,,0.08122170716524124
,1021,,,,,,0.9064881801605225,,0.07899896800518036
,1022,,,,,,0.9081461429595947,,0.08908481150865555
,1023,,,,,,0.9081838130950928,,0.07882212102413177
,1024,,,,,,0.8986819982528687,,0.09585679322481155
204,5124,,,,,0.9066457152366638,,0.08479688316583633,
204,5124,0.9252936840057373,,0.06397529691457748,,,,,
205,5149,,0.9295541048049927,,0.05675829201936722,,,,
,1025,,,,,,0.9089193344116211,,0.08201000094413757
,1026,,,,,,0.9047145843505859,,0.07885312288999557
,1027,,,,,,0.907139778137207,,0.08677506446838379
,1028,,,,,,0.9083779454231262,,0.07786468416452408
,1029,,,,,,0.8983757495880127,,0.09343154728412628
205,5149,,,,,0.9055320024490356,,0.08378688246011734,
205,5149,0.9262896776199341,,0.06342359632253647,,,,,
,1030,,,,,,0.9143797159194946,,0.07758646458387375
,1031,,,,,,0.9049208164215088,,0.08004158735275269
,1032,,,,,,0.9068790078163147,,0.08783748000860214
,1033,,,,,,0.9049867391586304,,0.08138763904571533
,1034,,,,,,0.8986531496047974,,0.09196943044662476
206,5174,,,,,0.9062656760215759,,0.08376452326774597,
206,5174,0.9256702661514282,,0.06389997154474258,,,,,
207,5199,,0.9310833215713501,,0.062156565487384796,,,,
,1035,,,,,,0.9112814664840698,,0.08027532696723938
,1036,,,,,,0.9077640771865845,,0.07731729000806808
,1037,,,,,,0.9070686101913452,,0.0878620594739914
,1038,,,,,,0.9075827598571777,,0.07896548509597778
,1039,,,,,,0.9013506174087524,,0.0921049565076828
207,5199,,,,,0.9071587324142456,,0.08330502361059189,
207,5199,0.9267160296440125,,0.06333095580339432,,,,,
,1040,,,,,,0.9110431671142578,,0.08130066096782684
,1041,,,,,,0.9054625034332275,,0.07781801372766495
,1042,,,,,,0.9088259935379028,,0.08658131957054138
,1043,,,,,,0.9064298868179321,,0.07895098626613617
,1044,,,,,,0.9008646011352539,,0.0923551619052887
208,5224,,,,,0.9067752957344055,,0.08340123295783997,
208,5224,0.9263433814048767,,0.06342454999685287,,,,,
209,5249,,0.9333568811416626,,0.06261096894741058,,,,
,1045,,,,,,0.9077925682067871,,0.08250778913497925
,1046,,,,,,0.906944990158081,,0.07826061546802521
,1047,,,,,,0.9092427492141724,,0.08633263409137726
,1048,,,,,,0.9092552661895752,,0.07807479798793793
,1049,,,,,,0.8988831043243408,,0.09555547684431076
209,5249,,,,,0.9063636064529419,,0.08414626121520996,
209,5249,0.9263287782669067,,0.06345800310373306,,,,,
,1050,,,,,,0.9106676578521729,,0.07736670970916748
,1051,,,,,,0.9025367498397827,,0.08178701996803284
,1052,,,,,,0.9077895879745483,,0.08793342113494873
,1053,,,,,,0.905839204788208,,0.08073094487190247
,1054,,,,,,0.8967455625534058,,0.09625256806612015
210,5274,,,,,0.9049571752548218,,0.08481413125991821,
210,5274,0.9272440671920776,,0.06280630826950073,,,,,
211,5299,,0.9278191328048706,,0.06369014829397202,,,,
,1055,,,,,,0.91395103931427,,0.0790473222732544
,1056,,,,,,0.906782865524292,,0.07803049683570862
,1057,,,,,,0.9111230373382568,,0.0861908420920372
,1058,,,,,,0.9087125658988953,,0.07913485914468765
,1059,,,,,,0.8995288610458374,,0.09606358408927917
211,5299,,,,,0.9081650972366333,,0.08369342237710953,
211,5299,0.9264689683914185,,0.06326055526733398,,,,,
,1060,,,,,,0.9047756791114807,,0.08315208554267883
,1061,,,,,,0.899781346321106,,0.08205518126487732
,1062,,,,,,0.9074377417564392,,0.08679661154747009
,1063,,,,,,0.9071246385574341,,0.07907497882843018
,1064,,,,,,0.8980944752693176,,0.09477943927049637
212,5324,,,,,0.9036542177200317,,0.0851716548204422,
212,5324,0.9268474578857422,,0.06303977221250534,,,,,
213,5349,,0.9297614097595215,,0.059639714658260345,,,,
,1065,,,,,,0.9046399593353271,,0.085477814078331
,1066,,,,,,0.9035744667053223,,0.0800303965806961
,1067,,,,,,0.9093586206436157,,0.08679864555597305
,1068,,,,,,0.9084441661834717,,0.07904338836669922
,1069,,,,,,0.8995732069015503,,0.09551428258419037
213,5349,,,,,0.9051589965820312,,0.08537290245294571,
213,5349,0.9275858998298645,,0.062263086438179016,,,,,
,1070,,,,,,0.9078773856163025,,0.08206817507743835
,1071,,,,,,0.9050625562667847,,0.07977381348609924
,1072,,,,,,0.9101837873458862,,0.08734649419784546
,1073,,,,,,0.9080122709274292,,0.07909385859966278
,1074,,,,,,0.8994481563568115,,0.09277337789535522
214,5374,,,,,0.9061479568481445,,0.08421114832162857,
214,5374,0.9275368452072144,,0.06228986755013466,,,,,
215,5399,,0.9285284280776978,,0.06630480289459229,,,,
,1075,,,,,,0.9098471403121948,,0.08097468316555023
,1076,,,,,,0.8996472358703613,,0.08026543259620667
,1077,,,,,,0.9080182909965515,,0.08773379772901535
,1078,,,,,,0.9077897071838379,,0.07948774099349976
,1079,,,,,,0.8982514142990112,,0.09393277019262314
215,5399,,,,,0.9050387144088745,,0.08447888493537903,
215,5399,0.9270451068878174,,0.0625847652554512,,,,,
,1080,,,,,,0.9142111539840698,,0.07806868851184845
,1081,,,,,,0.908576250076294,,0.0774434357881546
,1082,,,,,,0.9078421592712402,,0.08819997310638428
,1083,,,,,,0.9111033082008362,,0.07741747796535492
,1084,,,,,,0.9005424976348877,,0.09341540932655334
216,5424,,,,,0.9084471464157104,,0.082908995449543,
216,5424,0.9273874759674072,,0.062271662056446075,,,,,
217,5449,,0.930761456489563,,0.05989951640367508,,,,
,1085,,,,,,0.9066959023475647,,0.08188225328922272
,1086,,,,,,0.9004998207092285,,0.08168190717697144
,1087,,,,,,0.9063453674316406,,0.08808474242687225
,1088,,,,,,0.9062790870666504,,0.07947187125682831
,1089,,,,,,0.897854208946228,,0.0963081568479538
217,5449,,,,,0.9037246108055115,,0.0854857936501503,
217,5449,0.9278333187103271,,0.062258701771497726,,,,,
,1090,,,,,,0.9117501974105835,,0.07878390699625015
,1091,,,,,,0.9055129289627075,,0.07815491408109665
,1092,,,,,,0.9085798859596252,,0.0883425921201706
,1093,,,,,,0.9064093828201294,,0.0795619934797287
,1094,,,,,,0.9002667665481567,,0.0938238874077797
218,5474,,,,,0.9067379236221313,,0.0837334543466568,
218,5474,0.9270455837249756,,0.06272024661302567,,,,,
219,5499,,0.9284742474555969,,0.059668004512786865,,,,
,1095,,,,,,0.9111418724060059,,0.07970305532217026
,1096,,,,,,0.9008157253265381,,0.08178937435150146
,1097,,,,,,0.9085707664489746,,0.08826901018619537
,1098,,,,,,0.9073363542556763,,0.08045683801174164
,1099,,,,,,0.8971476554870605,,0.09845837205648422
219,5499,,,,,0.9052771329879761,,0.08573533594608307,
219,5499,0.9276083707809448,,0.062231503427028656,,,,,
,1100,,,,,,0.9123234152793884,,0.07922180742025375
,1101,,,,,,0.9043362140655518,,0.07906106114387512
,1102,,,,,,0.9089831113815308,,0.0864853635430336
,1103,,,,,,0.9070242643356323,,0.0788792073726654
,1104,,,,,,0.9014984369277954,,0.0911468118429184
220,5524,,,,,0.9071635007858276,,0.08295885473489761,
220,5524,0.9282759428024292,,0.06156919524073601,,,,,
221,5549,,0.9177711009979248,,0.06241930276155472,,,,
,1105,,,,,,0.9054869413375854,,0.08528757095336914
,1106,,,,,,0.9014303684234619,,0.08157685399055481
,1107,,,,,,0.9052802324295044,,0.09088152647018433
,1108,,,,,,0.9074627161026001,,0.07945889234542847
,1109,,,,,,0.896126389503479,,0.09983266890048981
221,5549,,,,,0.903226375579834,,0.08740750700235367,
221,5549,0.9280833005905151,,0.06184421107172966,,,,,
,1110,,,,,,0.905890941619873,,0.08631333708763123
,1111,,,,,,0.9050293564796448,,0.07787357270717621
,1112,,,,,,0.9088290929794312,,0.08795294165611267
,1113,,,,,,0.9076303243637085,,0.07825630903244019
,1114,,,,,,0.9007782936096191,,0.09473033249378204
222,5574,,,,,0.9056926965713501,,0.08502529561519623,
222,5574,0.9277676343917847,,0.062005456537008286,,,,,
223,5599,,0.930005669593811,,0.056219011545181274,,,,
,1115,,,,,,0.9127278327941895,,0.07856099307537079
,1116,,,,,,0.9065546989440918,,0.078537717461586
,1117,,,,,,0.9093186855316162,,0.08838366717100143
,1118,,,,,,0.9092053174972534,,0.07915836572647095
,1119,,,,,,0.8970691561698914,,0.0982433408498764
223,5599,,,,,0.9069544076919556,,0.08457682281732559,
223,5599,0.928473711013794,,0.061550382524728775,,,,,
,1120,,,,,,0.9077531099319458,,0.08651887625455856
,1121,,,,,,0.907353401184082,,0.07820865511894226
,1122,,,,,,0.909092903137207,,0.08795569837093353
,1123,,,,,,0.9066025018692017,,0.079050213098526
,1124,,,,,,0.8975921273231506,,0.09888321161270142
224,5624,,,,,0.9055855870246887,,0.08612333238124847,
224,5624,0.9292252063751221,,0.06097252294421196,,,,,
225,5649,,0.9351037740707397,,0.05855376273393631,,,,
,1125,,,,,,0.9114151000976562,,0.08061838895082474
,1126,,,,,,0.909240186214447,,0.0778389647603035
,1127,,,,,,0.910037636756897,,0.08677862584590912
,1128,,,,,,0.9090828895568848,,0.07797814905643463
,1129,,,,,,0.901254415512085,,0.09341084212064743
225,5649,,,,,0.9082738161087036,,0.08332499116659164,
225,5649,0.9280436038970947,,0.06155536696314812,,,,,
,1130,,,,,,0.9148720502853394,,0.07833658158779144
,1131,,,,,,0.9080908298492432,,0.07748586684465408
,1132,,,,,,0.911129355430603,,0.08561073243618011
,1133,,,,,,0.9103850722312927,,0.07686096429824829
,1134,,,,,,0.901767373085022,,0.09221276640892029
226,5674,,,,,0.9093929529190063,,0.08210138976573944,
226,5674,0.9288712739944458,,0.061073578894138336,,,,,
227,5699,,0.9339030981063843,,0.05849333852529526,,,,
,1135,,,,,,0.9144421815872192,,0.07837554812431335
,1136,,,,,,0.9078874588012695,,0.07743118703365326
,1137,,,,,,0.9114518165588379,,0.08597002923488617
,1138,,,,,,0.9088407754898071,,0.07807143032550812
,1139,,,,,,0.9001139402389526,,0.09321965277194977
227,5699,,,,,0.9086737632751465,,0.08261356502771378,
227,5699,0.929402232170105,,0.0605766735970974,,,,,
,1140,,,,,,0.9034812450408936,,0.09270451217889786
,1141,,,,,,0.9056684970855713,,0.07833664119243622
,1142,,,,,,0.9084628224372864,,0.08906793594360352
,1143,,,,,,0.9122246503829956,,0.0775778517127037
,1144,,,,,,0.899744987487793,,0.09541703760623932
228,5724,,,,,0.905666708946228,,0.08662079274654388,
228,5724,0.9295214414596558,,0.06070983037352562,,,,,
229,5749,,0.9304773807525635,,0.05757925659418106,,,,
,1145,,,,,,0.9112297296524048,,0.07996557652950287
,1146,,,,,,0.9080010652542114,,0.0755859911441803
,1147,,,,,,0.9085098505020142,,0.08732534945011139
,1148,,,,,,0.9052923917770386,,0.07993590831756592
,1149,,,,,,0.8978488445281982,,0.09745381027460098
229,5749,,,,,0.906287670135498,,0.08405332267284393,
229,5749,0.9286205768585205,,0.061332255601882935,,,,,
,1150,,,,,,0.9004840850830078,,0.09255261719226837
,1151,,,,,,0.9072889685630798,,0.07723084092140198
,1152,,,,,,0.9102456569671631,,0.08719383180141449
,1153,,,,,,0.9072105884552002,,0.07979722321033478
,1154,,,,,,0.9030638933181763,,0.09069111943244934
230,5774,,,,,0.9056522846221924,,0.08549313247203827,
230,5774,0.9292554259300232,,0.06074373424053192,,,,,
231,5799,,0.926559567451477,,0.05950258672237396,,,,
,1155,,,,,,0.9117536544799805,,0.08003212511539459
,1156,,,,,,0.9047523736953735,,0.07875217497348785
,1157,,,,,,0.9115028381347656,,0.08657806366682053
,1158,,,,,,0.9086097478866577,,0.0783606544137001
,1159,,,,,,0.9007642269134521,,0.09327594935894012
231,5799,,,,,0.9077135324478149,,0.08339979499578476,
231,5799,0.9299596548080444,,0.060180407017469406,,,,,
,1160,,,,,,0.905622124671936,,0.09073719382286072
,1161,,,,,,0.9089964628219604,,0.07698679715394974
,1162,,,,,,0.9100050926208496,,0.08992888033390045
,1163,,,,,,0.9098163843154907,,0.07993310689926147
,1164,,,,,,0.9022728800773621,,0.09549743682146072
232,5824,,,,,0.9072388410568237,,0.08661668002605438,
232,5824,0.9297410845756531,,0.06021754816174507,,,,,
233,5849,,0.9319384098052979,,0.060006026178598404,,,,
,1165,,,,,,0.9147741794586182,,0.07713921368122101
,1166,,,,,,0.9033757448196411,,0.08014319837093353
,1167,,,,,,0.9089657068252563,,0.088504359126091
,1168,,,,,,0.9061480760574341,,0.0813266858458519
,1169,,,,,,0.8985490202903748,,0.095046266913414
233,5849,,,,,0.9067291021347046,,0.08443194627761841,
233,5849,0.929216742515564,,0.06085553765296936,,,,,
,1170,,,,,,0.9148774147033691,,0.0769866555929184
,1171,,,,,,0.9079053401947021,,0.0783669501543045
,1172,,,,,,0.9070737361907959,,0.0889628529548645
,1173,,,,,,0.9084506034851074,,0.0788075253367424
,1174,,,,,,0.9015300273895264,,0.09426301717758179
234,5874,,,,,0.9082273244857788,,0.08347740024328232,
234,5874,0.9301002025604248,,0.060155440121889114,,,,,
235,5899,,0.9324052333831787,,0.05983928218483925,,,,
,1175,,,,,,0.914641261100769,,0.07827422767877579
,1176,,,,,,0.9116986989974976,,0.07688698172569275
,1177,,,,,,0.906470537185669,,0.09195558726787567
,1178,,,,,,0.9077644348144531,,0.0806327685713768
,1179,,,,,,0.9019815921783447,,0.09333042055368423
235,5899,,,,,0.9086378812789917,,0.08421599119901657,
235,5899,0.9294568300247192,,0.06021979823708534,,,,,
,1180,,,,,,0.908385157585144,,0.08686930686235428
,1181,,,,,,0.9088057279586792,,0.07673000544309616
,1182,,,,,,0.9094979763031006,,0.08998493105173111
,1183,,,,,,0.9091635942459106,,0.07913297414779663
,1184,,,,,,0.9026225805282593,,0.09431137144565582
236,5924,,,,,0.9076786041259766,,0.08540572226047516,
236,5924,0.9298766851425171,,0.06020251289010048,,,,,
237,5949,,0.9234664440155029,,0.060497794300317764,,,,
,1185,,,,,,0.9154235124588013,,0.07700687646865845
,1186,,,,,,0.910835862159729,,0.07652390748262405
,1187,,,,,,0.9104104042053223,,0.08706320822238922
,1188,,,,,,0.9083471298217773,,0.07864175736904144
,1189,,,,,,0.9014785289764404,,0.0928567498922348
237,5949,,,,,0.9094297885894775,,0.08241850137710571,
237,5949,0.9301787614822388,,0.059864357113838196,,,,,
,1190,,,,,,0.9075944423675537,,0.08435522019863129
,1191,,,,,,0.9070652723312378,,0.08121013641357422
,1192,,,,,,0.9084752798080444,,0.08994250744581223
,1193,,,,,,0.9070340394973755,,0.08091990649700165
,1194,,,,,,0.9008774161338806,,0.09103458374738693
238,5974,,,,,0.9063025712966919,,0.08549246937036514,
238,5974,0.9299027919769287,,0.060293909162282944,,,,,
239,5999,,0.919144868850708,,0.062313012778759,,,,
,1195,,,,,,0.9034291505813599,,0.08521915972232819
,1196,,,,,,0.9011341333389282,,0.08338528871536255
,1197,,,,,,0.9061522483825684,,0.09008485823869705
,1198,,,,,,0.9053620100021362,,0.07953448593616486
,1199,,,,,,0.8998279571533203,,0.09305461496114731
239,5999,,,,,0.9034038782119751,,0.08625568449497223,
239,5999,0.9301437139511108,,0.05990926921367645,,,,,
,1200,,,,,,0.9102579355239868,,0.0793546512722969
,1201,,,,,,0.9021545648574829,,0.08034679293632507
,1202,,,,,,0.9104019999504089,,0.08674069494009018
,1203,,,,,,0.9088506698608398,,0.07974116504192352
,1204,,,,,,0.8981413245201111,,0.09809768199920654
240,6024,,,,,0.9061790704727173,,0.08485619723796844,
240,6024,0.9304119348526001,,0.05963677540421486,,,,,
241,6049,,0.9315954446792603,,0.05650573968887329,,,,
,1205,,,,,,0.9103466272354126,,0.0804072767496109
,1206,,,,,,0.9073567390441895,,0.07936373353004456
,1207,,,,,,0.9073079824447632,,0.08972156047821045
,1208,,,,,,0.907081127166748,,0.07961125671863556
,1209,,,,,,0.899154007434845,,0.09850659966468811
241,6049,,,,,0.9063481092453003,,0.08552208542823792,
241,6049,0.9307646751403809,,0.05944560840725899,,,,,
,1210,,,,,,0.9041368961334229,,0.0908697098493576
,1211,,,,,,0.906233549118042,,0.0804518312215805
,1212,,,,,,0.910029411315918,,0.08811341226100922
,1213,,,,,,0.9070845246315002,,0.08110743016004562
,1214,,,,,,0.9009301662445068,,0.09442628920078278
242,6074,,,,,0.9056744575500488,,0.0869937315583229,
242,6074,0.9304248094558716,,0.059898920357227325,,,,,
243,6099,,0.9305432438850403,,0.05810088291764259,,,,
,1215,,,,,,0.8989263772964478,,0.10042792558670044
,1216,,,,,,0.9108283519744873,,0.0763096809387207
,1217,,,,,,0.9103666543960571,,0.08884866535663605
,1218,,,,,,0.9091798067092896,,0.0789962038397789
,1219,,,,,,0.9011187553405762,,0.09486501663923264
243,6099,,,,,0.9057140350341797,,0.08788949996232986,
243,6099,0.9302845001220703,,0.05977291986346245,,,,,
,1220,,,,,,0.9122812747955322,,0.08031409978866577
,1221,,,,,,0.909682035446167,,0.07746663689613342
,1222,,,,,,0.9139267802238464,,0.08586044609546661
,1223,,,,,,0.9087753295898438,,0.07980382442474365
,1224,,,,,,0.9033226370811462,,0.09247609972953796
244,6124,,,,,0.9097083806991577,,0.08318422734737396,
244,6124,0.9303433895111084,,0.05979912355542183,,,,,
245,6149,,0.9321987628936768,,0.05320495367050171,,,,
,1225,,,,,,0.9057244062423706,,0.08993871510028839
,1226,,,,,,0.9108741283416748,,0.07572882622480392
,1227,,,,,,0.9109477996826172,,0.0863715335726738
,1228,,,,,,0.9101060628890991,,0.0777241513133049
,1229,,,,,,0.9019008874893188,,0.09590238332748413
245,6149,,,,,0.9076409339904785,,0.08513312041759491,
245,6149,0.9310246706008911,,0.059191569685935974,,,,,
,1230,,,,,,0.9069405794143677,,0.08493068814277649
,1231,,,,,,0.9071139097213745,,0.07847937941551208
,1232,,,,,,0.9111562371253967,,0.08414000272750854
,1233,,,,,,0.9077414274215698,,0.07794821262359619
,1234,,,,,,0.902130126953125,,0.09251086413860321
246,6174,,,,,0.9070885181427002,,0.08360183238983154,
246,6174,0.9308567047119141,,0.05935845896601677,,,,,
247,6199,,0.9362608194351196,,0.0587637796998024,,,,
,1235,,,,,,0.9107934236526489,,0.0812234953045845
,1236,,,,,,0.9035588502883911,,0.0798526406288147
,1237,,,,,,0.9114759564399719,,0.08599981665611267
,1238,,,,,,0.9076624512672424,,0.08008536696434021
,1239,,,,,,0.8963969945907593,,0.09859136492013931
247,6199,,,,,0.9060798287391663,,0.08515053242444992,
247,6199,0.9311643838882446,,0.05903179571032524,,,,,
,1240,,,,,,0.9133332967758179,,0.07864182442426682
,1241,,,,,,0.9102028608322144,,0.07692554593086243
,1242,,,,,,0.9104335308074951,,0.08769826591014862
,1243,,,,,,0.9090006351470947,,0.07957020401954651
,1244,,,,,,0.9035645723342896,,0.09089772403240204
248,6224,,,,,0.909537136554718,,0.082746721804142,
248,6224,0.9304606914520264,,0.05944274738430977,,,,,
249,6249,,0.9306386709213257,,0.059825778007507324,,,,
,1245,,,,,,0.8888765573501587,,0.11073407530784607
,1246,,,,,,0.9056200981140137,,0.08062191307544708
,1247,,,,,,0.903759241104126,,0.08987168222665787
,1248,,,,,,0.9074928760528564,,0.08011362701654434
,1249,,,,,,0.9022411108016968,,0.08831921219825745
249,6249,,,,,0.9014245271682739,,0.08993209898471832,
249,6249,0.930176854133606,,0.059766851365566254,,,,,
,1250,,,,,,0.8291003704071045,,0.14776195585727692
,1251,,,,,,0.8144633769989014,,0.13376618921756744
,1252,,,,,,0.8604581356048584,,0.12618105113506317
,1253,,,,,,0.8212690353393555,,0.1329731047153473
,1254,,,,,,0.828904390335083,,0.14348819851875305
250,6274,,,,,0.8315320014953613,,0.13683409988880157,
250,6274,0.8085220456123352,,0.16937753558158875,,,,,
251,6299,,0.8750249147415161,,0.1065310686826706,,,,
,1255,,,,,,0.8836817741394043,,0.10072815418243408
,1256,,,,,,0.8650186657905579,,0.10469387471675873
,1257,,,,,,0.8762314319610596,,0.11605623364448547
,1258,,,,,,0.8754182457923889,,0.10315635800361633
,1259,,,,,,0.8681479692459106,,0.11465837061405182
251,6299,,,,,0.8744041919708252,,0.10785859823226929,
251,6299,0.8602641820907593,,0.1153378114104271,,,,,
,1260,,,,,,0.9107232093811035,,0.08091410994529724
,1261,,,,,,0.8871630430221558,,0.08892294764518738
,1262,,,,,,0.9022581577301025,,0.09122999012470245
,1263,,,,,,0.8976389765739441,,0.0875827819108963
,1264,,,,,,0.8913311958312988,,0.09420062601566315
252,6324,,,,,0.8985036611557007,,0.08857008069753647,
252,6324,0.8906083106994629,,0.09147728234529495,,,,,
253,6349,,0.9083456993103027,,0.07737653702497482,,,,
,1265,,,,,,0.9083521366119385,,0.07895908504724503
,1266,,,,,,0.8829447031021118,,0.08815934509038925
,1267,,,,,,0.9045085906982422,,0.08883016556501389
,1268,,,,,,0.9003407955169678,,0.08359391987323761
,1269,,,,,,0.8965877294540405,,0.08947133272886276
253,6349,,,,,0.8995112180709839,,0.08580277115106583,
253,6349,0.9092903137207031,,0.07772272825241089,,,,,
,1270,,,,,,0.906578779220581,,0.08213082700967789
,1271,,,,,,0.8996250629425049,,0.08140231668949127
,1272,,,,,,0.9040713906288147,,0.08927194029092789
,1273,,,,,,0.903249979019165,,0.08223053812980652
,1274,,,,,,0.8976271152496338,,0.09149561077356339
254,6374,,,,,0.902590274810791,,0.08530624210834503,
254,6374,0.9144331812858582,,0.07287997007369995,,,,,
255,6399,,0.9161913394927979,,0.07230602204799652,,,,
,1275,,,,,,0.9157537221908569,,0.0780545026063919
,1276,,,,,,0.8969941139221191,,0.08222506940364838
,1277,,,,,,0.9087405800819397,,0.08609161525964737
,1278,,,,,,0.9030213356018066,,0.08217273652553558
,1279,,,,,,0.8980027437210083,,0.09115606546401978
255,6399,,,,,0.9052771329879761,,0.08393999189138412,
255,6399,0.9171924591064453,,0.07069898396730423,,,,,
,1280,,,,,,0.9118292331695557,,0.07762560993432999
,1281,,,,,,0.8969111442565918,,0.08120343089103699
,1282,,,,,,0.9053901433944702,,0.0862930491566658
,1283,,,,,,0.9063228368759155,,0.07838834822177887
,1284,,,,,,0.9002552628517151,,0.09035623073577881
256,6424,,,,,0.9047191143035889,,0.08277332782745361,
256,6424,0.9213219881057739,,0.06782248616218567,,,,,
257,6449,,0.9224354028701782,,0.06365542113780975,,,,
,1285,,,,,,0.9173351526260376,,0.07520360499620438
,1286,,,,,,0.9010026454925537,,0.08028551936149597
,1287,,,,,,0.9076484441757202,,0.08533308655023575
,1288,,,,,,0.9075366258621216,,0.07864828407764435
,1289,,,,,,0.9027901887893677,,0.0879078358411789
257,6449,,,,,0.9079025983810425,,0.08147566020488739,
257,6449,0.9226540327072144,,0.06623894721269608,,,,,
,1290,,,,,,0.9123935699462891,,0.07689881324768066
,1291,,,,,,0.8995088338851929,,0.0815228521823883
,1292,,,,,,0.9064962863922119,,0.08521689474582672
,1293,,,,,,0.9090003967285156,,0.07769627124071121
,1294,,,,,,0.899994969367981,,0.09148711711168289
258,6474,,,,,0.9059067964553833,,0.08256439119577408,
258,6474,0.9232618808746338,,0.06566086411476135,,,,,
259,6499,,0.9119505286216736,,0.06957186758518219,,,,
,1295,,,,,,0.9073480367660522,,0.07993419468402863
,1296,,,,,,0.9055618643760681,,0.07935186475515366
,1297,,,,,,0.9113355875015259,,0.08368177711963654
,1298,,,,,,0.9090030193328857,,0.0772215723991394
,1299,,,,,,0.9008344411849976,,0.09143507480621338
259,6499,,,,,0.9068936109542847,,0.08232489973306656,
259,6499,0.9250235557556152,,0.06457365304231644,,,,,
,1300,,,,,,0.9166358113288879,,0.07464882731437683
,1301,,,,,,0.903246283531189,,0.0801730528473854
,1302,,,,,,0.9110250473022461,,0.082623690366745
,1303,,,,,,0.9088557362556458,,0.07637763768434525
,1304,,,,,,0.9032535552978516,,0.08741732686758041
260,6524,,,,,0.9091843366622925,,0.08024810254573822,
260,6524,0.9244043827056885,,0.06467363238334656,,,,,
261,6549,,0.932011604309082,,0.05878427252173424,,,,
,1305,,,,,,0.9171310067176819,,0.07421664893627167
,1306,,,,,,0.9022473096847534,,0.08120778203010559
,1307,,,,,,0.9098369479179382,,0.08235451579093933
,1308,,,,,,0.9098650217056274,,0.0774141401052475
,1309,,,,,,0.9019142389297485,,0.08966907858848572
261,6549,,,,,0.9087693691253662,,0.08097243309020996,
261,6549,0.9262511730194092,,0.06306134909391403,,,,,
,1310,,,,,,0.9129757285118103,,0.07687680423259735
,1311,,,,,,0.9008573889732361,,0.08178199082612991
,1312,,,,,,0.9106444120407104,,0.08365504443645477
,1313,,,,,,0.9094746112823486,,0.0765889436006546
,1314,,,,,,0.9016637802124023,,0.09004627168178558
262,6574,,,,,0.907554030418396,,0.08178981393575668,
262,6574,0.9263994097709656,,0.06310150772333145,,,,,
263,6599,,0.9300720691680908,,0.06018906086683273,,,,
,1315,,,,,,0.9178422689437866,,0.07554661482572556
,1316,,,,,,0.9045672416687012,,0.0789833590388298
,1317,,,,,,0.9094749689102173,,0.08630320429801941
,1318,,,,,,0.9066636562347412,,0.07804705202579498
,1319,,,,,,0.8999451398849487,,0.09547852724790573
263,6599,,,,,0.9081963896751404,,0.08287174999713898,
263,6599,0.926530122756958,,0.0629281997680664,,,,,
,1320,,,,,,0.9174422025680542,,0.07493943721055984
,1321,,,,,,0.9062711000442505,,0.07865250110626221
,1322,,,,,,0.9084422588348389,,0.08477375656366348
,1323,,,,,,0.9081425666809082,,0.07787849009037018
,1324,,,,,,0.9016716480255127,,0.09139595925807953
264,6624,,,,,0.9087841510772705,,0.08152803033590317,
264,6624,0.9281862378120422,,0.061501678079366684,,,,,
265,6649,,0.9202724695205688,,0.06929174810647964,,,,
,1325,,,,,,0.914247989654541,,0.07680261135101318
,1326,,,,,,0.8998967409133911,,0.08221395313739777
,1327,,,,,,0.910312294960022,,0.085538849234581
,1328,,,,,,0.9090628027915955,,0.07828634977340698
,1329,,,,,,0.8991655111312866,,0.09317274391651154
265,6649,,,,,0.9069414138793945,,0.08320289850234985,
265,6649,0.9289676547050476,,0.06093800067901611,,,,,
,1330,,,,,,0.9167190790176392,,0.07505868375301361
,1331,,,,,,0.9015910625457764,,0.07946768403053284
,1332,,,,,,0.9097782373428345,,0.08338969945907593
,1333,,,,,,0.9101049900054932,,0.07661251723766327
,1334,,,,,,0.9004800319671631,,0.09111176431179047
266,6674,,,,,0.9082794189453125,,0.0811280757188797,
266,6674,0.9289759397506714,,0.060830458998680115,,,,,
267,6699,,0.9285566806793213,,0.06318964064121246,,,,
,1335,,,,,,0.9163663983345032,,0.07432912290096283
,1336,,,,,,0.9023004770278931,,0.07805323600769043
,1337,,,,,,0.9121350049972534,,0.0840044915676117
,1338,,,,,,0.9097416400909424,,0.07715591788291931
,1339,,,,,,0.9009833335876465,,0.09193956106901169
267,6699,,,,,0.9087904691696167,,0.08109647035598755,
267,6699,0.9296594858169556,,0.06049231439828873,,,,,
,1340,,,,,,0.9155874252319336,,0.07524748146533966
,1341,,,,,,0.901665210723877,,0.07886280864477158
,1342,,,,,,0.9115206003189087,,0.08304494619369507
,1343,,,,,,0.909455418586731,,0.07820528000593185
,1344,,,,,,0.8990539908409119,,0.09344795346260071
268,6724,,,,,0.9078728556632996,,0.08176169544458389,
268,6724,0.9297257661819458,,0.060407351702451706,,,,,
269,6749,,0.9296236038208008,,0.05982644483447075,,,,
,1345,,,,,,0.9149556756019592,,0.07613694667816162
,1346,,,,,,0.9066221714019775,,0.07912737876176834
,1347,,,,,,0.9110315442085266,,0.08428193628787994
,1348,,,,,,0.9092373251914978,,0.07772496342658997
,1349,,,,,,0.9024607539176941,,0.09067082405090332
269,6749,,,,,0.9091601371765137,,0.08158840984106064,
269,6749,0.9297858476638794,,0.060137685388326645,,,,,
,1350,,,,,,0.9155393838882446,,0.07574939727783203
,1351,,,,,,0.9073026776313782,,0.0782008022069931
,1352,,,,,,0.9100694060325623,,0.08497247099876404
,1353,,,,,,0.9096450805664062,,0.07686183601617813
,1354,,,,,,0.9000669717788696,,0.09393759071826935
270,6774,,,,,0.9088031053543091,,0.08194442093372345,
270,6774,0.9304198026657104,,0.05958480015397072,,,,,
271,6799,,0.9341620206832886,,0.05550449341535568,,,,
,1355,,,,,,0.9167157411575317,,0.07572905719280243
,1356,,,,,,0.9074591994285583,,0.07823872566223145
,1357,,,,,,0.9112162590026855,,0.08514469116926193
,1358,,,,,,0.9087132811546326,,0.0778113529086113
,1359,,,,,,0.9005981683731079,,0.09617352485656738
271,6799,,,,,0.9092747569084167,,0.08261947333812714,
271,6799,0.9315360188484192,,0.05872518569231033,,,,,
,1360,,,,,,0.9158493280410767,,0.07560823112726212
,1361,,,,,,0.905544638633728,,0.07828269898891449
,1362,,,,,,0.9094432592391968,,0.0853005051612854
,1363,,,,,,0.9088053107261658,,0.0799151286482811
,1364,,,,,,0.9003802537918091,,0.09265463054180145
272,6824,,,,,0.9083791971206665,,0.08235224336385727,
272,6824,0.931459903717041,,0.05882235988974571,,,,,
273,6849,,0.9294120073318481,,0.062229424715042114,,,,
,1365,,,,,,0.9152488708496094,,0.0773703008890152
,1366,,,,,,0.9070256948471069,,0.0798102617263794
,1367,,,,,,0.9099572896957397,,0.08529304713010788
,1368,,,,,,0.9089763164520264,,0.07799653708934784
,1369,,,,,,0.901664674282074,,0.09560862928628922
273,6849,,,,,0.9088866710662842,,0.08321575820446014,
273,6849,0.9312057495117188,,0.05894841253757477,,,,,
,1370,,,,,,0.9167764186859131,,0.0771833211183548
,1371,,,,,,0.906444787979126,,0.07941296696662903
,1372,,,,,,0.912207841873169,,0.08370204269886017
,1373,,,,,,0.9074652194976807,,0.07825052738189697
,1374,,,,,,0.8998947143554688,,0.09767831861972809
274,6874,,,,,0.9088976383209229,,0.08324543386697769,
274,6874,0.9323642253875732,,0.05820081755518913,,,,,
